GPRO,CCL,TSLA,DAL,DIS,AAL,MSFT,AAPL,GE,F,U_GPRO,U_CCL,U_TSLA,U_DAL,U_DIS,U_AAL,U_MSFT,U_AAPL,U_GE,U_F
,,,,,,,,,,,,,,,,,,,
-0.017026106696935384,-0.027869810953030538,0.029076794347340895,-0.016598915989159857,-0.011472533405317953,-0.04950154692334141,-0.013314253717414237,-0.010646084237141529,0.002512562814070529,-0.022292993630573132,0.003985725115495997,0.0036186063982970307,0.010003883323100204,0.0022757943979176964,0.002032330429621254,0.00864966524318933,0.005040800099012088,0.008453292543380453,0.011103124979945589,0.0036058961383240717
0.03117782909930722,-0.030072173215717757,0.019537210615471423,-0.006544953496383066,-0.0056663025669032585,-0.011934900542495464,0.002711394161044156,0.008070482211312013,0.014202172096908994,-0.006514657980456029,0.0014070890830304439,0.013249494722658905,0.006580124200615378,0.004823711049013246,0.0012689166868204982,0.024035257361014084,0.00341531598673539,0.0036558750686133124,0.0030806191703727226,0.003179209405957062
-0.013437849944008873,0.0024803637866885886,0.03936618534200598,-0.0012135922330097637,0.0002059732234809264,-0.0036603221083455484,-0.008929694378065789,-0.005037027153245721,-0.007001647446458037,0.010928961748633892,0.0,0.0,0.0,0.0,0.0,0.0,0.0,0.0,0.0,0.0
0.004540295119182636,0.0055670103092784196,0.04885222840335057,0.021697621940635292,-0.0015788028555739908,0.022777369581190365,0.016116751269035445,0.016361015187581707,-0.010369141435089158,0.0,0.0,0.0,0.0,0.0,0.0,0.0,0.0,0.0,0.0,0.0
0.002259887005649608,0.009021939717039018,-0.02154077506147245,0.0016989466530750175,-0.0044688896528014554,0.0039511494252872925,0.012176845260397196,0.0216394524162955,-0.0025146689019278634,0.002702702702702675,0.0,0.0,0.0,0.0,0.0,0.0,0.0,0.0,0.0,0.0
-0.03494926719278457,-0.007315586262954699,-0.007331408751999113,0.004409769335142366,-0.0013812154696133394,-0.022540250447227184,-0.0047504472823740596,0.0021310257983275793,-0.019327731092437017,-0.0026954177897574594,0.0,0.0,0.0,0.0,0.0,0.0,0.0,0.0,0.0,0.0
-0.004672897196261738,0.01064483111566017,0.09810444388651773,0.004559270516717451,-0.0058091286307053736,0.0025622254758419505,0.01214976444334237,0.021264941843606167,0.037703513281919454,-0.00108108108108107,0.0,0.0,0.0,0.0,0.0,0.0,0.0,0.0,0.0,0.0
-0.025821596244131273,0.017216933360340247,0.025054777555491903,0.03277861825516881,0.010086254869226652,0.005476451259583737,-0.006920627143557012,-0.013502855159794436,-0.007431874483897594,0.005411255411255311,0.0,0.0,0.0,0.0,0.0,0.0,0.0,0.0,0.0,0.0
0.02168674698795181,0.004579848665870356,-0.036236059479553884,0.0030924479166667407,-0.006266786034019645,0.001452432824981864,0.007030527289546562,-0.003805686142825171,-0.012479201331114798,-0.009687836383207693,0.0,0.0,0.0,0.0,0.0,0.0,0.0,0.0,0.0,0.0
0.01650943396226401,0.01783944499504453,-0.009672037878130313,0.004056466006814752,0.005474705474705521,0.023567802755620093,0.01788229530283547,0.012295345104333721,-0.002527379949452402,-0.0021739130434782483,0.0098767603931178,0.30685926853010703,0.08961635491267872,0.06549290167138855,0.0011232074727010044,0.028003448648246776,0.04132079781158704,0.04239837341201946,0.023747762651058935,0.01549653844414034
-0.004640371229698292,0.010710808179162479,-0.006426610060565996,0.0021008403361344463,-0.0057895099593355814,0.006021962451292939,0.005053847542265899,0.010592078140361005,-0.0033783783783782884,-0.0032679738562090277,0.00472997309204648,0.004580057904701285,-0.0057059687375439205,-0.003643948077996284,-8.254443847610649e-05,-0.0025278683329974516,0.008411262206526882,0.00195929038219389,0.0004565961891440651,0.0022104642270797115
0.023310023310023187,-0.02350674373795758,0.07273897959583686,-0.026769875826479494,-0.004783362218370835,-0.04225352112676051,-0.003352289733612679,-0.006652650076882094,-0.011864406779661052,0.006557377049180468,0.0019442826373536892,0.005359752596690637,-0.00274470987525699,0.004101469655104273,0.0017175053279308017,0.005711996021111165,0.0117098240983593,0.002081890547658727,-0.0008351796176887527,0.0020069780344953436
0.0035307517084282036,-0.015982636148382023,0.04043353132930383,-0.01176470588235301,0.0032042351629981702,0.004411764705882337,-0.004805093399003035,0.0036329173906175516,-0.02487135506003435,-0.005428881650380135,0.001994596664428361,0.008736578765489833,0.01274966654501175,0.019669308847521272,0.002406335112584479,0.020432533700793787,0.010059519209578038,0.0043041477319025745,-0.002023101105310565,0.002228360676358898
0.005561230280331397,-0.008622418287547617,0.00441178020125399,0.010563380281690238,-0.012776003332870434,0.053806734992679406,0.006216428269660179,0.005004406672961981,0.036059806508355274,-0.0021834061135370675,0.0031805228574215416,0.0063738522482184035,0.0331687539477199,0.0026895739137202668,0.0009754103063008834,0.010684796558632303,0.006316252155608604,0.0021463231741185584,7.4721537541844185e-06,0.0023723003049331837
0.004514672686230403,-0.03883495145631055,-0.01220787694980352,-0.024224323875891796,-0.014559009706006432,-0.039597082320250054,-0.010076775431861806,-0.003006358798070319,-0.005942275042444711,-0.015317286652078876,0.0011418022348204104,0.010878233464701514,-0.0009649370335967911,0.005120511835610575,0.0012837553055207174,-0.004954890945955248,0.003382812977213323,0.0039142201288175915,0.004198610470868669,0.0015795781421799049
-0.026966292134831482,-0.047243265993266115,-0.013133673180402261,-0.03383778269001869,-0.030618799514667172,-0.05533453887884254,-0.01684440135724674,-0.02943486319228472,-0.023057216054654273,-0.012222222222222134,0.005725952419438629,0.028611096189842478,-0.007461117235675774,0.010039103241390457,0.0001288271900943272,0.01679094770824685,0.004143156842784768,0.005619423036958837,0.0026311449118121555,0.0024571355672442508
0.03002309468822162,0.027277747101049243,0.016644545682821033,0.011615628299894265,0.01848034162862633,0.02986217457886675,0.01972143473437704,0.02848265147591933,0.02534965034965042,0.01012373453318327,0.005578614764222056,0.04665645831770138,-0.0007426332060771479,0.0126549431470524,0.0022677728938533814,0.02233956362220546,0.006138144752097396,0.00768301945577643,0.003609310687765488,0.002857803620985866
-0.06502242152466364,-0.00010750376263157779,0.02501676017077714,-0.01443980514961718,-0.016337743078146616,-0.0033457249070631967,0.01643901849389584,0.020644511581067393,0.10315430520034097,-0.013919821826280598,0.004481610625150179,0.04402832967684911,0.010125080989231039,0.007178156376634437,0.004454088847313464,-0.0018381303435577312,0.010412070986863364,0.01246624070171154,0.011607070500270877,0.004828750549304095
-0.023980815347721784,-0.037737877647564866,0.10314974182444048,0.007943512797881747,0.01242007790108035,0.03394255874673635,0.027113806635747473,-0.0013684015786877834,-0.017001545595053957,-0.0016939582156973998,0.006723830340709558,0.030320430907591067,0.0028294560698662874,0.006004952937420871,0.0034771612437773936,-0.003998067771873726,0.007965819084952308,-0.003620114170537203,0.009194318840915594,0.007638690000232096
-0.030712530712530772,-0.028603351955307277,0.014900223113288646,-0.0238178633975481,0.003919860627177751,-0.032106782106782084,-0.014877851105708162,-0.04491284015312025,-0.022798742138364858,-0.0033936651583709176,0.0030820159823363724,0.03891047529337888,0.012762634146721963,0.0038992727928359727,0.0029642686276050156,-0.003525680714354551,0.0014248623015122863,0.0009929720680603715,-0.0013433238995586017,0.003103598158268106
0.034220532319391594,-0.016793190706234085,0.19954495142048945,0.005382131324004336,0.021836587129428597,0.012299664554603185,0.024798730681083514,-0.0020043319432321294,-0.013676588897827857,0.018161180476730987,0.005051806385599988,0.04126873791102503,0.03192784344117072,0.010129383113384405,0.009402332229430987,0.005705922353891557,0.004174392072720856,0.009897881098767769,-0.0005415037383629251,0.0040698122145703675
0.019607843137254832,0.019185774450163784,0.137694161070385,0.03372591006423975,0.024129634871214334,0.04675994108983805,0.032914731349274584,0.032878753522723736,0.02610114192495927,0.022419175027870608,0.008259285325248555,0.03672435626846782,0.08622484908806904,0.006286009894227007,0.02149513950501447,-0.008005854564686055,0.005664375190046922,0.004116723466282446,0.0007573535085585448,0.010576223832680975
0.05048076923076916,0.0133149678604223,-0.17235164240976886,0.016571724495080264,-0.023215642921301627,0.02391839606049939,-0.0010547937600621227,0.008530389512638736,0.021462639109697923,-0.09389277185942779,0.008632155248546214,0.03271996708588354,0.005210018204537814,-0.002175866290389128,0.01573737904166328,-0.02105905905544514,0.011945796763158656,-0.000893467599207276,0.002436645445356156,0.0265834420303539
-0.09382151029748287,-0.008155867693701802,0.018755444250871056,-0.012056376294786952,0.009549409351347515,-0.02748196496049471,0.020562409692119532,0.011288015423844833,0.007081712062256829,-0.006618531889289958,0.015697276711028163,0.04769908505591314,-0.05755136542842754,-0.002219310361110227,0.001484804259809902,-0.009185920341564957,0.013361080261816705,0.0010614140820635054,0.0044102767375633345,0.014804539261641825
0.018939393939394034,-0.0360895386021014,-0.0006936539746158488,-0.0044688896528015665,-0.011631165919282482,0.0024726245143058545,0.0016880853844478683,-0.015897420128532236,-0.00857738969167765,-0.017565112053301246,0.005754338545221227,0.04569565554894295,0.017072976807053664,0.0007595565704010543,0.0013937196611610858,0.000378120384969316,0.010193895731333669,0.0013964312344774132,0.005143847011833014,0.006728731679624511
-0.028500619578686548,-0.009715639810426668,0.030570169715586237,-0.003625690607734766,0.010491989224443499,0.014446793516560863,0.026039684696928633,0.004686914135733078,0.00623538581449723,-0.006165228113440113,0.0065215802597469175,0.07395516294261739,0.005618684842634947,0.004667372841280937,0.002556005722017307,2.852660105556737e-05,0.01233878945941913,0.0050872422820138485,0.006245021186112254,0.007410740686283113
0.017857142857143016,0.027757836803063096,0.0041166421287137656,0.01628833824293885,-0.010803984846358916,0.03647099687391453,-0.02278266398219775,-0.006002363625054463,-0.005050348567002372,0.004962779156327368,0.00779763732964156,0.06656989637514621,0.014525758030776936,0.005071662234355623,-0.000973291839359125,-0.00407562186216337,0.017024260064685715,0.0006848379058985721,0.0035818790573216575,0.004887844224123805
0.03007518796992481,0.025844004656577324,-0.008501072323712444,0.014151747655583913,0.005957446808510625,0.021112600536193016,0.0015181088700932932,0.023747692500234674,0.0253176382660687,0.0185185185185186,-0.0009640266910672102,0.023514290034780005,-0.0002110537875281704,-0.00040743212391558536,0.0014414542016256693,-0.012165911816831132,0.017153388862061636,-0.0004973473373576232,0.000716069905509098,0.004333029089107487
0.02311435523114347,-0.01929187471629601,0.04745647868237257,-0.005716207128446449,-0.006627185561195681,-0.012143091565474107,-0.005197055002165496,-0.00699877750611233,-0.0170842824601366,0.00121212121212122,-2.9080893940824915e-05,0.02143332031785894,-0.008054006754071419,0.0005832870685960057,-0.001221685451928134,-0.006589176787830664,0.00811091017824328,-0.001488821604850199,0.00480467669682616,0.003174652183917104
-0.0439952437574318,-0.014117102522564262,-0.004836165501455492,-0.00405816706121076,-0.009583392476934072,-0.029900332225913706,0.008652590335219923,9.233326151858456e-05,-0.009656237929702605,-0.01937046004842613,-0.0006706425419438222,0.026252712057030836,-0.018618503666336217,0.0038582197874232893,0.0009464717233440556,-0.0007515806909434986,-0.004378745984740751,0.0013229736347419863,0.0024051599393202228,0.003533604090598219
0.014925373134328401,0.007394366197183144,0.0733620309900691,-0.0030560271646858927,-0.0030075306503705157,-0.019520547945205524,0.010089020771513413,-0.018280297901150933,-0.006240249609984372,-0.006172839506172756,0.00015718768118389015,0.030105317618344785,-0.001200258264389742,0.009337947890332599,0.00277305900042224,0.0014584139307978194,0.006415826421235948,0.0035038355899272844,0.001063607950348322,0.004709851106831975
-0.007352941176470673,0.00967027845741586,0.06789648987957997,-0.0035762942779291595,0.015596923740386792,-0.010478519035976297,0.00032047858134820473,0.014482758620689706,-0.010989010989011061,-0.006211180124223725,0.00036587449063540944,0.025826551632707195,0.001782385094458272,0.004511053406918153,-0.001005644740627143,0.003058732223972127,0.008760000658806888,0.00622132833844713,0.0003445391666303532,0.003825666347275547
-0.004938271604938205,-0.0191553196399723,-0.01939015878555239,-0.0023927533754913854,-0.006581740976645434,0.006353688669255231,-0.015751815463477037,-0.010258945677028564,-0.006349206349206327,0.0024999999999999467,-0.001302293303379165,0.014404938836172443,0.0006803850891738961,0.0003787333285327765,-0.0032527669129840397,0.0018377658431252275,0.005683253684550804,-0.0027818192719017976,0.0008011963444976011,0.0032909040624600205
-0.02977667493796532,-0.019058823529411795,0.002024066371583144,-0.008394723316772268,-0.01004488138491133,-0.02402665731322351,-0.03130255519991321,-0.02269747112082432,-0.021565495207667706,-0.016209476309226867,-0.00040626465391602196,0.021457376800160688,0.005261572230949696,0.0013465085699586599,-0.0006175531748047192,0.0012624181293527936,0.009725251294206538,0.0017504238181096365,0.00016820268427308882,0.008656342293323904
-0.020460358056266004,-0.09402734468697516,-0.07529411764705884,-0.06306150656530762,-0.04281807714450214,-0.08535489667565144,-0.043010752688172116,-0.04747148835574855,-0.0318367346938776,-0.040557667934093766,0.0040083805171517994,0.06044742825892979,0.0026454220530878203,0.013730115562754497,0.0016879338721156323,0.027567876354250176,0.008382367012590208,0.008340729957525328,0.000296513525763098,0.013122080903603006
-0.03916449086161877,-0.05109875562615829,-0.04086850064813474,-0.061589526092568625,-0.03571160063153145,-0.09155599214145371,-0.016561329588014928,-0.03383975584398169,-0.04553119730185495,-0.044914134742404244,0.0033341628802101564,0.10622100836693105,-0.0011860535648395842,0.0332907487190639,0.005684294802217327,0.0747858651611697,0.005478844300023322,0.014729283175789032,0.0006872710467424881,0.007190513494698569
-0.01902173913043481,-0.07505580357142871,-0.025415775049742906,-0.02554529377087833,-0.037891782317168166,-0.03503042833230263,0.012555786968164062,0.016002499305748374,-0.03180212014134276,-0.0027662517289074318,0.004154255683561869,0.06431740159578636,-0.00647691574501108,0.021237649916369117,0.008236149482680366,0.06274135391136881,0.0033971031474757662,0.008039982688816893,0.0008056705243839613,0.004987681289027934
0.01939058171745156,-0.039215686274509665,-0.12833846944016425,-0.028231498285944845,-0.04400324149108592,-0.0770954728821156,-0.07146215326751293,-0.0671358775496258,-0.05200729927007297,-0.03328710124826628,0.0042127145161829915,0.05579857429009061,-0.006570169571004092,0.02639639891039991,0.012468810525688268,0.04177343368918929,0.0016702128659662474,0.00715231612571432,9.00927083029579e-05,0.007385894029404483
0.032608695652173836,0.05180533751962324,-0.016822567577520875,-0.04253994604689759,-0.0023734847842672435,-0.07479358912093248,0.02601265822784815,0.005859947260474563,0.07025986525505279,-0.001434720229555153,0.010616748964856537,0.045940893777594916,-0.013307766251118291,0.029003086858682137,0.003275038187664503,0.05618693416704934,-0.013075335623309314,-0.0074648147216210825,-0.0014758458949537534,0.003191856941671345
0.0,-0.013432835820895606,0.1142591732466327,0.022540095361941903,0.01920299090831845,-0.009448818897637823,0.06625131083831959,0.08804252840081572,0.00899280575539585,0.034482758620689724,0.01141667342069308,0.06501309674250999,0.0134580655649843,0.034775307127875354,0.010050973510487227,0.07343371405323396,0.007311475072067308,0.010862389845067266,0.00593304104786041,0.004460251080432798
0.03421052631578947,-0.03691376701966709,0.002447256249243468,-0.02140737600678244,-0.029512296790329406,-0.05405405405405406,-0.04900202487706107,-0.03182517903754767,-0.031194295900178415,-0.033333333333333326,0.012003785624125518,0.11026365890525791,0.029019778356465187,0.126457592643892,0.01801483071710952,0.13249744385649742,0.014089176908854473,0.017698796971050035,0.01661845457515332,0.010722925477759215
0.025445292620865256,0.019792648444863392,0.005352040884763376,0.050682261208576884,0.023623400051542065,0.03753501400560211,0.03747414527314752,0.04648992430265109,0.007359705611775569,0.01724137931034475,0.0057823534564060974,0.11931261202508558,0.020287792564298135,0.18620302122465793,0.01818413755399373,0.14507052537755394,0.012160336199376509,0.010451050420192676,0.005572061150383112,0.008426290810062742
-0.07196029776674939,-0.1414048059149723,-0.03452968645763843,-0.07194392908678615,-0.04347096341054035,-0.13390928725701945,-0.025214026034947712,-0.032500990883868375,-0.07899543378995422,-0.04802259887005644,0.0038860630269017538,0.0888874892930922,0.007969640572754066,0.10816849402256912,0.014756949063436942,0.13088312955281145,0.005501741193975729,0.001003259077709373,0.005993865986345437,0.007366233029524771
-0.010695187165775444,-0.026189451022604948,-0.027956662336585558,0.019324744557974283,0.011317775048254042,-0.00436408977556102,-0.02809191530317623,-0.01345077154171792,-0.06891422905304911,-0.0370919881305638,0.00262802174650556,0.15689123438595343,0.002883056480671886,0.12603313184692344,0.015496876241554824,0.21416400501910693,0.00579890178493625,0.0035494489675544916,0.007510284857057625,0.009702105614807444
-0.09459459459459463,-0.19915549316325298,-0.1378040631797437,-0.05208106341250818,-0.09525461958879144,-0.07701941139636825,-0.06777248251531842,-0.07920963388469804,-0.12566560170394037,-0.0924499229583976,0.0014385246842758548,0.16488845780795325,0.008423113158553486,0.08795600962642824,0.011968715688439602,0.221862733296732,0.00967631148459347,0.004697136114759859,0.00843739506520258,0.012822348902894687
0.08358208955223878,0.10506096158270073,0.06354912112917588,0.045287356321839,0.06875059929044003,0.15128900949796464,0.06911432744655421,0.07365928821075585,0.07795371498172954,0.06281833616298815,0.0058122878111175336,0.18702515571403033,0.011741969414460929,0.08820553667816267,0.027709700512760893,0.20715647942833404,0.005876821321223913,0.010558894381803796,0.014290923917446685,0.016126286059629402
-0.08953168044077131,-0.09436476049711684,-0.017201550387596964,-0.06135913789311631,-0.053382379328907104,-0.041838538597524844,-0.0463888716388251,-0.03636809128775942,-0.07344632768361581,-0.0591054313099042,0.01438662454009143,0.13856707892214937,0.013195349016426272,0.07047758023522377,0.02867352369906384,0.14148248557412546,0.009328248366582859,0.008935526564413765,0.016605095596883057,0.019683870838278716
-0.18608169440242062,-0.31210463405663835,-0.12288118882166887,-0.2104029990627928,-0.1298455122737181,-0.17712177121771222,-0.09637926543370678,-0.09916454776607342,-0.11890243902439024,-0.0903565365025466,0.011093578331921927,0.11918199567345389,-0.008149816305808133,0.07206579184628747,0.01806173163069147,0.10282622816462994,0.0005628699764195222,-0.0024268209017945797,0.008798679707697543,0.010847539303685982
0.0,0.17489022996571557,-0.017643567561734352,0.1382789317507418,0.1166539592636966,0.06950672645739897,0.14478235802825035,0.12120967741935496,0.08650519031141868,0.050804434656015474,0.01638863090283693,0.22818841459746642,-0.004427993246117312,0.14459447274694548,0.03930809857485573,0.19763770189821894,0.00459266668382563,0.0041424796866633695,0.016399289875635548,0.01934278964099856
-0.25464684014869887,-0.1712172923777019,-0.1853165507140242,-0.06673618352450472,-0.07325399921966436,0.11215932914046123,-0.14753289266603709,-0.13159030425088114,-0.15215286624203817,-0.11190053285968027,0.03446691757692788,0.2783482355951321,0.026813164359116515,0.1714773250351802,0.05721425690906812,0.2569191251583449,0.014163976430802805,0.0162823676040309,0.03358246908508167,0.035426720864811356
0.14214463840399016,-0.12765957446808507,-0.03366465152037135,-0.11340782122905024,-0.015577307651826189,-0.02104932453660069,0.08238119431906799,0.04712800761999425,0.06376585131318002,0.0020000000000000018,0.04601056419986249,0.2550091308264546,0.03158519581993113,0.19073190336526702,0.0591530054918179,0.1818307920550679,0.022831500806896887,0.018044547189197013,0.03686680336961512,0.04031050386828583
-0.07860262008733632,-0.26907946498819835,-0.1590697674418604,-0.2600819155639571,-0.050304715064685146,-0.2522464698331194,-0.03029269291123693,-0.015226418825390553,-0.06779661016949157,-0.10279441117764465,0.012418085053882866,0.09582937161974314,0.02010947732345314,0.08755875478943853,0.03166807772377789,0.06216478047046281,0.004085716293608765,0.004443403746512642,0.013765465310785263,0.014510582767016
0.2511848341232228,0.07534983853606048,0.18167865044247788,-0.08452203534170744,0.06873065015479884,-0.11673819742489278,0.003799338633645233,-0.01694779116465861,-0.018181818181818077,-0.00556173526140169,0.011251303606612861,0.15705306957901666,0.03635981958496948,0.14318982063075825,0.03904943711995368,0.13081374672929025,0.007644287410800699,0.007144965862130759,0.018664493444648045,0.022398930061744204
-0.06439393939393934,0.20020020020020013,0.0005499713312815402,-0.006976744186046435,-0.09459601811861373,0.008746355685131268,-0.041354173967897756,-0.06552822943050896,0.004629629629629539,-0.031319910514541305,0.011784952362847934,0.139471516117615,0.03495035108337241,0.13590608232608403,0.028163434290078726,0.14205475999237316,0.01227748497893133,0.014333107525257294,0.024462716587534183,0.02721889708507841
-0.052631578947368585,0.0012510425354461674,0.01581175590017092,0.04121779859484764,-0.0022105875509016437,-0.012524084778420153,-0.008846969364626811,-0.02321412957943514,-0.0585099846390168,-0.07240184757505785,0.011561510808955067,0.10923188332239198,0.01952655507646206,0.1470051638748897,0.06133882800624679,0.12404326529986731,0.0232394528855715,0.031088912416991743,0.030579326842970156,0.03179221686251488
0.09829059829059839,0.13869221157850897,0.16120564599691445,0.20962663067926224,0.14284048507462677,0.3599999999999999,0.0942755975213927,0.1049545719017142,0.14535576185736887,0.2299265529690031,0.009542880567241951,0.09269022411106054,0.008405421117020806,0.11748013620885356,0.03587688461403604,0.09428503080993544,0.01156951355313418,0.019343499182919555,0.030976294550038475,0.03976698653453048
0.011673151750972943,0.13899049012435993,0.06915526472337885,0.15805132019338042,0.027446178961330503,0.10401721664275465,-0.010044492382364933,-0.005731529488010367,0.07692307692307687,0.09311740890688247,0.013105090520114882,0.12337181744439585,0.01998393744560034,0.11023871675579766,0.02059947371796511,0.08325680351574816,0.003957144567805937,0.0090433694350327,0.043967035324734116,0.06018285944498336
0.03461538461538449,0.14322414900449587,-0.020633375063754844,0.017983301220295456,0.046176762661370274,0.018193632228719947,0.06305754170922717,0.053021815737477995,0.07010582010582023,-0.02592592592592602,0.014327409041423156,0.10297728004805173,0.017404197909672403,0.08541344969048792,0.020741156486060897,0.08255613652696359,0.00942288312843731,0.014784580569769945,0.03886887088402391,0.046015160553127155
-0.0799256505576208,-0.19044943820224725,-0.02554682321749835,-0.06782334384858035,-0.08561936402467962,-0.10402042118698152,-0.041637307027096226,-0.04201485608170852,-0.056860321384425205,-0.014258555133079831,0.013220557134081767,0.05157683918286127,0.009687732270712734,0.05660237003326207,0.016261681655503013,0.057454899885546196,0.0028323423875009635,0.004113804484989547,0.01704790081175034,0.022881636334477706
0.06666666666666665,-0.11172796668979867,-0.024214863184079505,-0.029780033840947517,0.03654105678397168,-0.12750712250712237,0.07145244301851483,0.028955657862854256,0.03276539973787673,-0.027965284474445462,0.01462897634306759,0.05200657898889083,0.003729391447732988,0.04245194891356863,0.02361445079142488,0.048948158632465155,0.006008722569208924,0.00590341783064563,0.01394930189222654,0.017414649462031973
-0.007575757575757569,0.027734374999999867,0.044572794264090776,-0.004883153121730044,-0.032648973460190245,-0.004881712354487533,-0.01659388646288229,-0.0019231524000156153,0.00510152284263965,-0.039682539682539764,0.013027911381179536,0.04835499429099088,0.0008972834421649978,0.03558517226104496,0.017568798165230604,0.05356095739631739,0.00697824608108788,0.0033394569664031426,0.019292231943877525,0.020124796791651578
-0.04389312977099247,-0.33105283162295696,-0.08179530201342289,-0.1647388713634771,-0.017289574490112813,-0.12305168170631664,-0.03615833544785585,-0.05324419976405825,-0.11114618317719249,-0.09090909090909083,0.005091471841126793,0.05775193780704946,9.6861424202066e-05,0.038573738475072616,0.021801546546287076,0.042691194409033795,0.014574203341743308,0.007665790754361801,0.0185200708168638,0.021869184062002445
-0.06586826347305386,-0.09431818181818197,-0.0562938660243365,-0.047838858581619736,0.0214917825537293,-0.05893358278765193,0.021850730551533415,0.017320152849310544,-0.020582678731232096,-0.01363636363636378,0.0031118681448727425,0.16649389593329023,0.01852422805559195,0.05801495672500212,0.010823761663754983,0.044199123489011116,0.0050287502827432995,0.011520095819360865,0.011291871212040228,0.012961058138655668
-0.02136752136752129,0.06524466750313684,0.056175325103967166,-0.009255178492728056,-0.031868811881188064,-0.06660039761431413,-0.009274120829576127,-0.014289797084881428,-0.02462654097171857,-0.02124423963133637,0.004926096311735906,0.11396416714256663,0.013506314076229486,0.04556473448964282,0.007906058724385767,0.055311419947055906,0.0025477860865816826,0.007983863558308046,0.010393581077533964,0.011456847214166288
0.10480349344978146,0.2002355712603061,0.07550000000000012,-0.007562277580071219,0.05528922978587403,0.011714589989350266,0.07443695589848143,0.08638114567369426,0.07431749241658236,0.06172606996562924,0.005264913096437507,0.04877376224486918,0.015198798455176243,0.05677405504326982,0.011835405513254349,0.07025916649576525,0.00043640508206266304,0.005506453941660716,0.011438325104028424,0.011488955093310604
0.0039525691699606735,0.10549558390579006,0.05662095149542856,-0.0029134917077542344,0.020391681809004636,0.07552631578947366,-0.010770254734676632,-0.011056674990945092,-0.0269896193771626,0.04434589800443467,0.006629183336942734,0.06366466679433835,-0.004429468541765513,0.05555153114168343,0.004660328308860429,0.053981533706635165,-0.004531936841073336,-0.00037774246263522215,0.013808875223421335,0.0133699973901249
0.07086614173228356,0.06347092765201956,0.005921498890864685,0.044729152618565804,-0.0002967946181242631,0.1088818204061659,0.009908862927396234,0.025656842145845182,0.03982930298719767,0.06794055201698512,0.0051870732608734205,0.058083445818750246,-0.006767998895646166,0.04582560562646054,0.006198693630374841,0.025895202954085095,0.005675970283059328,0.006598068219744402,0.0164990743340101,0.007621627298927125
-0.003676470588235392,0.037145242070116824,0.044304720247858365,0.04969879518072284,0.03404255319148941,0.10414827890556033,0.0004845254678698119,0.007216959855660621,-0.023255813953488413,0.06660039761431413,0.003931337059668083,0.03893182616571833,0.0014133044019835062,0.04102063962008495,0.01047921202348756,0.01899026943251636,0.005832199080046507,0.0042023200034642105,0.010602092152990572,0.0020804810642947036
0.06642066420664205,-0.07565392354124756,0.1360882009039983,-0.04693584750973556,-0.009474590869939625,-0.075939248601119,0.001937163266541475,0.019667114494700932,-0.01540616246498594,-0.03914259086672878,0.00804464774959146,0.04327881957444668,0.002891774242483436,0.05694169407425398,0.018971610428370145,0.035006184392586404,0.0069804671882907066,0.0066249950993866324,0.016872294194641313,0.010499093340652133
0.0657439446366781,0.08750544188071396,0.09027037132219706,0.055698924731182764,0.02444444444444449,0.03373702422145319,0.04948341489940189,0.05065329575815247,-0.014935988620199181,0.02424830261881672,0.010558567688330855,0.03296842769565056,0.009100779242197321,0.056273946005780395,0.0165651228860495,0.04117463013576228,0.003931174685114502,0.00859161735522207,0.015800110998539063,0.01451620512702445
-0.13961038961038963,-0.010008006405124115,0.027855245824263353,-0.008347932369118016,-0.024851457134773214,0.02761506276150638,-0.01013241220495098,-0.009126693837739897,-0.06064981949458481,-0.045454545454545525,0.011045718223138268,0.022351743741615637,0.006302742440246645,0.03875709026710217,0.00787359970412238,0.0410635172949434,0.0004480527179577809,0.008912032707837358,0.011751846154895107,0.008681296940157512
-0.030188679245283012,-0.042458552365547964,0.022109031433312554,-0.06450671936434116,-0.013782097780356883,-0.09934039087947877,0.029835989298592436,0.007980312884514174,-0.04073789392774785,-0.018849206349206282,0.009767179279800198,0.022803662315311835,-0.0001255972109130976,0.050230470344856615,0.011039382325036984,0.045119102292305646,0.004159160882430735,0.009709371173955761,0.013260831769417836,0.009146981733450632
0.09727626459143979,0.06006756756756748,0.010722794538221114,0.06587615283267456,0.04560164754339513,0.046102657299662786,0.008640650590162169,-0.013881138392857206,0.0953525641025641,0.03336703741152669,0.0029138177969363355,0.016690462666793415,-0.00840779741464237,0.03655727391005681,0.008545092732456627,0.031333640129745044,0.0048609333886584505,0.005020981989778406,0.016584911752759668,0.009853067451372599
0.005319148936170359,-0.026387915099751358,-0.009686193856564662,-0.02595797280593326,-0.04117426374038646,-0.0449438202247191,-0.0202127659574467,-0.020831859659050656,-0.04681784930504762,-0.026418786692759433,0.006972061734739965,0.019339898050610538,0.0023839997346550845,0.027892875003308948,0.009075982268188953,0.030506439260692852,0.006717354167653067,0.003795174071048679,0.018142984314053034,0.010461091979639292
-0.033509700176366786,-0.03109656301145669,-0.07989549139143837,-0.025380710659898553,-0.015944439010075362,-0.004524886877828149,-0.04183096176924406,-0.03066642586238033,-0.005372217958557024,-0.042211055276381915,0.012658783895076242,0.02015576471416236,-0.00847199846964053,0.03155799758180078,0.01479191438581573,0.033367735284960176,0.0044305745802990515,0.011564278367645509,0.020366738344719915,0.012167709495070733
0.009124087591240837,-0.015625,0.06615505591798687,-0.02159288194444442,0.004572564612326024,-0.06590909090909092,0.036112602135146554,0.028804590848114264,-0.008487654320987748,-0.0010493179433368471,0.005233347181424763,0.015036736048748223,0.00021916120316944898,0.03132258645350028,0.01352537897383388,0.02300027185754483,0.006260709698572509,0.008019212071837423,0.01355521283721739,0.008854534461558927
0.04159132007233257,0.04247104247104261,-0.03622208563818885,-0.00277254075634914,-0.0015832178903620875,-0.0024330900243308973,-0.013210533889768228,-0.004418848926074692,0.014210116731517619,0.02626050420168058,0.003724768999282313,0.011535637121619313,0.0005370921150249508,0.03601877005772902,0.006721426308461842,0.02784188411285471,0.0034217790760346922,0.005374959265124879,0.0123114371854951,0.009354731551237228
0.02604166666666674,-0.018930041152263377,0.027450646939614298,-0.0031138790035587505,0.0026808721506441646,0.004878048780487809,0.018141515487370752,0.02939571433768684,-0.03856482973466546,-0.003070624360286489,0.0046640359849365876,0.006107217194399439,0.00022507332528176605,0.02180611908121266,0.008254126872374368,0.019699639322887874,0.0036618777726571405,0.003050115134340725,0.013397079863693317,0.007548607370712057
0.09644670050761417,0.08808724832214776,0.10195862068965522,-0.011155734047300303,0.048032776352790574,-0.026213592233009786,-0.002921966311447144,0.0010602579961125347,0.024740622505985632,0.06160164271047219,0.009533309944504076,0.008925074769198238,-0.012350373639573142,0.02160211205049478,0.007920078116854246,0.024984530553274542,0.004197167329296203,0.00015716353915595782,0.018111151948820625,0.005509880312580151
0.016975308641975273,0.11410948342328431,-0.03731287237770986,0.0981498194945849,0.001980571536357667,0.12263210368893329,-0.024363615468597444,-0.01652250661959398,0.05917445482866035,0.042553191489361764,0.010575993159243735,0.008752828088322673,-0.015184273721396413,0.023246828892176108,0.0033696167789969422,0.028904082883502324,0.01335325328109449,0.0035817641207669393,0.012941041490164062,0.007019464464991021
0.07890743550834611,0.15467128027681665,0.039955272977857614,0.12245736593384016,0.05713478915662651,0.1190053285968029,0.0442311090170211,0.03324119610869802,-0.032338710863395015,-0.02597402597402587,0.008787101088233662,0.018353856012004677,0.005587451188396431,0.012628149947621958,0.004914364833897622,0.010141868677953747,0.008146640517322279,0.0017347133582790164,0.018129305515341754,0.010848586851270214
-0.00984528832630105,-0.0476475876535809,-0.023479695939187972,-0.05070474098480693,-0.037930727450805835,-0.04682539682539677,0.010829103214889946,0.021401521731577722,0.03495440729483268,-0.030476190476190546,0.009052755023821746,0.026178519815931,-0.009450597204757938,0.019222698919598935,0.005756552048492347,0.01833526361994231,-0.000864890490659409,0.003553833699256659,0.012022321707077177,0.001572195410314725
-0.06534090909090906,-0.1233543108873506,-0.10210483189511688,-0.06941766293868112,-0.02360018509949091,-0.11407160699417151,-0.02633634638991178,-0.01673526310418727,-0.04405286343612336,-0.03214145383104117,0.006304935480855534,0.014480744770080545,0.01217937025564253,0.020112808526357107,0.007700384492598911,0.023363103017141507,0.0005789294352442909,0.006855819073326774,0.012281570679872456,0.005661343984319833
-0.012158054711246202,0.02872238853114517,0.08541158688739658,-0.0635308744301698,-0.021232227488151567,-0.07800751879699253,0.024871060171919757,0.014183415781644726,-0.04531490015360984,-0.012463462163039951,0.00039447797261216166,0.012647758573732792,0.027143736336835866,0.019134663004817476,0.004597136107347133,0.03284797947105389,0.0008513969674386335,-0.006025977123305437,0.010523347907238856,0.009124790016481477
-0.010769230769230864,-0.0865317515701326,0.008998830808843783,-0.03925299818559991,-0.019755955839628192,-0.031090723751274196,0.010735853276671925,0.015724664870211624,-0.002413515687851975,0.019527235354573458,0.000114995336556456,0.018148311871492018,-0.0019921156045876742,0.020255488590776638,0.006443507696966,0.0344622565005972,-6.6604195848585235e-06,-0.000450832883642005,0.007825039732229255,0.009410998832131812
0.007776049766718529,-0.019992360580595836,0.0187355154545219,-0.03224320589590046,-0.0028334321280378827,-0.02472382956338781,0.009570701482628952,0.009134260192088295,-0.03387096774193543,-0.020161290322580627,0.0032577650962433147,0.011201631276001267,-0.007848628706571992,0.0158388019337794,0.017772205291993748,0.017548264464417374,-8.396942046684508e-05,-0.0017174681810701031,0.0074081520248268085,0.008461387668823317
0.03703703703703698,0.05391984908366654,-0.002856412550322762,0.03141361256544495,0.045939294503691386,0.026968716289104577,0.006125267137925272,0.010815307820299491,0.01959933222036736,0.002057613168724215,0.006262694034472771,0.0031386874960157574,-0.007424326010177729,0.010527924206136907,0.008575117607374727,0.009659154271676185,0.0011347273387516399,0.0007924930821572307,0.00695002822233981,0.006828668178109787
0.023809523809523725,0.050295857988165604,0.05003108117634247,0.047992616520535325,0.034005872880553234,0.06460084033613445,0.00583962119256376,0.02106469135802458,0.029898156334937864,0.07392197125256672,0.007539639954237565,0.002559674999136119,-0.010422385007332946,0.008356059414867278,0.001413969769762824,0.008979880096579462,0.0020473384251633586,0.001831404603887199,0.004964826804300548,0.005204486809875064
-0.02470930232558144,-0.025352112676056304,-0.010704913030210483,-0.03038309114927351,-0.013008427995602756,-0.007400098667982191,0.01066709984838643,0.01565895551935781,-0.01648648648648643,-0.02198852772466542,0.005987298192596802,0.008182342320338876,-0.013551616353739027,0.010174562401389808,0.00829192758659647,0.009947434133497968,0.0029823799085064717,0.006961264188237948,0.006932577570288645,0.0036221831588976183
0.013412816691505292,-0.04696531791907521,-0.0015669726581778454,-0.04473206176203448,-0.029701132355670956,-0.04473161033797224,-0.02287704259308876,-0.01109506198314314,-0.028918739796000903,-0.024437927663734094,0.004230009408651592,0.012651118025960972,0.004624264090667074,0.013136317107757423,0.008581159787465653,0.010996744727679975,0.0038537172012442777,0.009102113454027672,0.0068311053212022355,0.005555486308739033
0.04117647058823537,-0.07050796057619402,-0.02297302307188498,-0.07653910149750409,-0.0160704036732352,-0.053912591050988445,-0.014255949117227718,-0.012294950402876315,-0.03525651696241294,-0.054108216432865786,0.006404859630272153,0.006938311879637116,0.010510465268819047,0.01224232430379879,0.005968280891183841,0.005837703503051461,0.003293788245394502,0.00276411021254952,0.007658915976586522,0.004093092056848713
-0.011299435028248594,0.0006769983686787384,0.015709190255748684,-0.0023166023166023564,0.029651954112385637,0.006390303456923041,0.004616753810212648,0.006565262610504385,-0.016840361653668312,0.038135593220339103,0.006945421172666499,0.005355448997513834,0.024605943446735168,0.014691612753211514,0.004054440763146205,0.007370824380158902,0.0031070942031101723,0.0021865700095817786,0.009990606266081059,0.007121141300878708
0.0911142857142857,0.04089401139522186,-0.004988543534568568,-0.009886480908152584,0.029553394391464538,-0.010928961748633892,0.01539228171197582,-0.006328705198579199,-0.035977535977535946,0.0020408163265306367,-0.0003850019940764282,0.0050961486464615735,0.014753907513709086,0.01168931249106131,0.0034659822937110896,0.006401137750326358,0.004982565933765226,0.006316525788299998,0.006019122813800681,0.006901160320144317
0.02385503679069889,0.1527016444792484,0.018116876127924453,0.1387088032352879,0.0716250917094643,0.0917127071823205,0.008233818637875645,0.02323389874569437,0.13781176042235566,0.08014256619144589,-0.0007684673134109588,0.003829371206280907,0.005059027220103207,0.008377190347107266,-0.0018896146421254478,0.0033897374531977054,0.0009682698982407256,0.0064438083688580505,0.007934216485665946,0.0010538239279715977
0.028132992327365658,-0.04076086956521752,-0.006773118953669943,-0.004347826086956608,-0.021266581086863523,-0.02429149797570851,-0.007571660356949783,-0.005970338848486745,-0.007583999999999924,-0.002545488828132325,0.004599549304665329,-0.0013652993761475996,0.00873997882166444,0.016137772524089433,0.00021218226224894998,0.0003395272047164166,-8.376463457127059e-05,0.004967579534055799,0.009541642262372418,-0.0017214080727028236
0.027363184079602032,0.0021246458923513956,0.009232673267326685,0.04389795449322009,0.04848511345254236,0.02385892116182564,0.011771117166212486,0.019647934570780512,0.03427594879566631,0.035916824196597474,0.000633713255120627,0.002899640296301298,0.006322936387444855,0.014735755080714119,0.0025847529136895364,0.005303299788958604,0.0035477244500461413,0.0049434986407586035,0.007419963213972425,0.0033115333108761913
0.014527845036319764,0.03180212014134276,0.015071248129889803,0.019374724790840903,-0.01776248853306639,0.0005065856129686797,-0.011688031886243566,-0.006642436395538298,0.010101010101010166,0.026459854014598383,0.003511092340917177,0.0033715680985775265,0.0058389332156003615,0.010951409132621048,0.002158144563046527,0.006565794090411581,0.0028526981352214875,0.00504388611441442,0.004691316076360197,0.002213388629633384
-0.009546539379474916,-0.009931506849314986,-0.01371186952582304,-0.020302375809935103,0.001867038659332021,-0.015696202531645498,0.00010899776554573748,0.005835225839010638,-0.012160493827160557,0.003555555555555534,0.0013970097470803466,0.0023528187470425177,0.0007009115220453221,0.010402716296241676,0.0062329660669746545,0.00820843972725549,0.005540859699488587,0.006471740915395818,0.003522228007103001,0.004067442562985191
0.04819277108433728,0.12625389138706344,0.0028662420382166154,0.13051146384479728,0.025000000000000133,0.14609053497942392,-0.010626123916952723,-0.006428549029445896,0.06386302568268443,0.035429583702391465,-0.0025889843813211577,0.003429148982858621,0.008770321179236484,0.008793706964957515,0.006026320458256906,0.004076133698439399,0.0067840609074489855,0.009154457651166181,0.0016209818676946597,0.0046149674817221875
0.11264367816091969,0.05896805896805879,0.0014839875906882405,0.026521060842433775,0.004795369987598219,0.07540394973070019,0.0013769552764926196,0.003913647266759357,0.07048458149779746,0.031650983746792205,-0.0005978514301803184,0.006626632688870648,0.021388847666394595,0.009817645563441557,0.009473341905826826,0.0065980471840760835,0.01149081813993269,0.012225542688058644,0.004495036907354644,0.0051290095744538355
-0.06404958677685946,-0.07598607888631081,-0.017049716142959137,-0.025455927051671767,-0.03941413642721969,-0.08430717863105175,-0.0029701336560145064,0.00022007042253524567,-0.06995884773662553,-0.03067993366500832,0.004293019441574675,0.014730223850271562,0.018203437167811698,0.012333700923771174,0.012211448057560137,0.01135002018232778,0.0055249892491671115,0.00438709637909529,0.006690989526070057,0.0047304728709653965
0.03752759381898452,-0.011299435028248594,0.03500790967461764,-0.020272904483430776,0.0044543429844099425,-0.04193254329990892,0.014839741821591979,0.00191733459060206,-0.030973451327433676,-0.0239520958083832,0.0007959557732608591,0.008899085411541385,0.009392770639917503,0.003938021727765362,0.009650389839613416,0.00407442366523636,-0.0003742347509508859,0.006054700812265779,-1.8490985510544178e-05,0.003310069989212794
0.008510638297872353,0.06603174603174589,0.07634287372009152,0.04138479904496628,0.013047927682074079,0.0569647954329211,-0.005979560774081238,0.009411469444095877,0.028919330289193246,0.02892199824715158,0.005570184647135434,0.0044746117295115795,0.007928357962993182,0.0031235035381977916,0.004253715344281872,0.0060399518413649655,0.00046078124802662046,0.004117405081339953,0.001411532225464196,0.0015487890836722862
-0.001054852320675037,0.004764740917212684,-0.01834887929834339,0.009170806266717513,-0.00033672868086542795,0.008218783476014124,0.011702942141528894,0.005159124813525651,0.04289940828402372,0.005110732538330609,0.0055977947138581285,0.00342588786030662,0.02286934105879035,0.003820353678360533,0.002330995807545033,0.006394782290678691,0.0032843209498951698,0.0038307461623559025,0.0012715600718025133,0.0032378846566922803
0.0052798310454065245,0.022525192649673897,0.0012593601089176953,0.07800075728890565,0.02871578947368425,0.057866071428571475,0.0019459459459461037,0.005163564405416876,0.04397163120567393,0.04915254237288136,-0.0022112489407392077,0.0024982886633559964,0.005515826914684885,0.0035961626506870736,3.2067267427215995e-05,0.002682062578142075,0.0008030808969481384,0.0026486987350795577,0.0015447290411199077,0.001545029964987732
-0.012605042016806678,0.07130434782608708,-0.020668321038855075,0.13768177028451012,0.012524557956778093,0.4128847663338424,-0.01300172637030661,-0.00873604232674019,0.05163043478260865,0.06138933764135701,-0.003331429535295305,0.004022050667262356,0.011435983024241203,0.010070009559685733,0.0010266263428280187,0.014346622510638785,0.0003325379244680793,0.006055599633294939,0.001265719013261224,0.0011695059126006768
0.03191489361702127,0.16341991341991347,0.0243731704212804,0.05490926155765097,0.009216589861751112,0.11051373954599764,0.024870183110139443,0.028828549262994718,0.01679586563307489,0.11796042617960412,-0.005616641627551822,0.014977191245304722,0.0085938116197124,0.025675156375327468,0.004542662062733793,0.05888934621413666,0.00020311938735440016,0.005706106155203505,0.004485583526442571,0.00686727488368466
0.07010309278350535,0.15906511627906972,0.07128939892808939,0.08258239362215858,0.01938636545702166,0.0922538999462077,0.005173333333333252,0.005731435120950756,0.07496823379923767,0.023825731790333426,0.004999570348191318,0.028886651389848694,0.009504719140775997,0.03143559808112473,0.005984891089748645,0.051040820253581476,-0.0015829973081795679,0.010423629003511126,0.01186601685575095,0.009135737717501424
-0.025048169556840194,-0.07559420382906823,-0.00727249723232648,-0.07596647742633145,-0.02499017681728888,-0.08790938192563413,0.008489414760969982,0.03262893916210463,-0.0520094562647756,-0.034574468085106336,0.009231766435894295,0.021943879404421773,0.015818465699666273,0.021164508137651694,0.004126562079144636,0.022705935093532137,0.0034609908245626375,0.012835815342443935,0.01283493983791728,0.005844660672363
-0.021739130434782483,-0.10661961009024978,0.08860006092066675,-0.07343475716793446,-0.014669138389618697,-0.08099352051835851,0.035513231967170045,0.02457016728624528,-0.05112219451371558,-0.06129476584022031,0.0008875873131126699,-0.0026147127244670054,0.025876889699530725,0.00112323708003359,0.0033015506992348786,0.0010605724976284758,0.007891128759046406,0.020261415990557197,0.0049882660921996,-6.933926903540666e-06
-0.1383838383838385,-0.15257531584062178,-0.05128325206297912,-0.14044837385538367,-0.0776278118609407,-0.1551116333725029,-0.052586119296819445,-0.047338284483247284,-0.08716162943495409,-0.09977989728539993,-0.0023517477328940384,-0.00880278532742329,0.045879690531946515,-0.010575055985952098,0.002707338471730436,-0.008243745225747556,0.010506526235543268,0.01789197189228875,-0.0014143670033777145,0.0022496415086101784
0.028135990621336537,0.09519495412844026,-0.03718596065445645,0.07749981632503133,0.005054984036892529,0.12586926286509037,0.008955864214082565,0.004686384194239501,0.034663941151913846,0.04319478402608001,0.001091484191901193,-0.0012621131144652242,0.0098484828926102,-0.004695289304940231,0.007971357937311518,0.0023278613248973734,0.0053520932689565814,0.007071459975512617,0.0002575655095842233,0.0001620183054538149
0.023945267958951133,0.017266834902252226,0.05821094793057413,0.03846691463501939,0.03344216006353129,0.03273625694873372,0.005049431274582794,0.015800151041743815,0.0059130434782608265,0.01718749999999991,0.010093443385054357,0.010431179294800641,0.030994688506811086,0.012664938028713157,0.01676157210346574,0.014865134563430749,0.016841400717593213,0.020625579236092317,0.010054480094681795,0.007513502956292939
0.022271714922048824,0.0513638703036543,-0.009326267978803982,0.02856204858831246,0.011612021857923427,0.019138755980861344,0.024221270294568553,0.027027027027026973,0.03388658367911468,0.006144393241167334,0.003769500642797796,0.001718131423967817,0.013200890760435513,0.004251910928939395,0.0068996650813895055,0.0005326462957846445,0.003832692801675641,0.00783713196827529,0.0033300053661835527,0.0039399372230035645
0.006535947712418277,-0.06549833561777951,0.009220486800949557,-0.01947015639961691,-0.007258609047940623,-0.0035211267605632646,0.002736613827645007,-0.002884800999261805,-0.03210702341137117,-0.03358778625954195,0.002478237455435295,0.0010585379627034985,0.016372742300087673,0.003986025987995134,0.0050279037400251525,0.0007653933878315478,0.004225094058672996,0.014089342057728604,0.0027343159089747715,0.005501556091932258
-0.015151515151515249,-0.012572027239392325,0.013588273299951492,0.0029296875,0.006376466587315166,-0.028857479387514817,0.010916580844490209,0.0009856401735772735,0.0062197650310988895,-0.0007898894154818592,0.002505075807801349,0.0001667403809877399,0.012641766645511199,0.0008095587538008431,0.0034605338273290265,-0.0019547900703464904,0.004432924113511039,0.022214736541534608,0.0017050532060765011,0.0026066943651077423
-0.006593406593406681,-0.05358090185676401,-0.003436186530148766,-0.04186952288218104,-0.03277857565261477,-0.029714978775015055,-0.006570904645476716,-0.005802212804687179,-0.017857142857142794,-0.012648221343873556,-0.0015628567488574774,-0.002139115336303399,0.018378145336265028,-8.018523872677097e-05,0.0020925665588875653,-0.0022341825629916823,0.0046315542351911265,0.010613582332680283,0.0011445231848146165,0.004489339558503502
0.039823008849557695,-0.032511210762331766,-0.006026564858030992,-0.0071138211382114624,0.012402829941479565,-0.06781250000000005,0.028457160436855977,0.02683450150193112,-0.015384615384615441,0.005604483586869602,0.0023669562613690687,-0.001548886229969737,0.01050438837763612,0.00036382305178150887,0.005221629110601089,-0.0008633242520855733,0.005028773310834733,0.010579045721538671,0.0030920204994322464,0.0028763151624962013
0.02765957446808498,0.045191193511007866,0.007159088623886367,0.011258955987717645,0.00569407298766289,-0.06201810258129392,0.006526074384285652,0.020728275708355337,-0.004247159090909003,-0.019108280254777066,0.0037027197105734544,-0.004625343343794719,0.004073830515275434,-0.0010858757525323837,0.0040403268398183645,0.0019834943863685783,0.00695850045612989,0.02176737980040988,0.0010683707242025164,0.00027346291108898413
-0.037267080745341574,-0.11317627494456761,-0.04074236766966832,-0.07726045883940613,-0.03868919962254436,-0.07004288777698364,-0.020055575093244293,-0.017223025902775912,-0.06848689747649817,-0.03409090909090906,0.001024692039527153,-0.0022703379811971347,0.010292504503563116,-0.0025085746116324525,0.0027860043909564425,0.002287727536903983,0.007684222152663622,0.02178912392237642,0.0002153865323788473,0.0008536591737693389
0.023655913978494425,0.00010626129026203301,0.02615392621116719,0.02413162705667271,-0.0064251293949669774,0.009984550464639197,0.012737565709664445,0.01338665777925896,0.021439509954058078,0.013445378151260456,-0.0015967652202830696,-0.0031739433202505607,0.020199494597250345,-0.002494787204483151,0.002981001784373216,-0.0012305789884777818,0.0036268445338616395,0.005795289911478152,0.0021573323623791385,0.0018375083027883932
-0.044117647058823484,-0.010624999999999996,-0.025578612142234114,-0.03820064262763301,-0.020118555775103353,-0.05936073059360736,-0.02011379516869638,-0.030667616750712612,-0.028485757121439192,-0.01990049751243783,-0.0017039583503123401,-0.0024869790999120234,0.00532040437069603,-0.0017697389126196672,0.0003672020335818704,0.0023035215832580835,0.0005946925700370809,0.0029989817193722956,0.0018682647088508197,0.0040323578239414015
0.03296703296703307,0.06001263423878722,0.051136600191515,0.06161841128433565,0.02218148487626026,0.07766990291262132,0.011052819232924005,0.02349515112103817,0.04938271604938271,0.018612521150592087,-0.0021753753165373313,-0.0026995192429213333,-0.0007329295035480854,-0.0012262763287813616,-0.00017544048571127568,0.006775085989519258,-0.0007333767098998134,0.0031064875267192704,0.001707575446149301,0.0029846269642772594
0.012765957446808418,-0.022646007151370884,0.0684331956945805,-0.019580419580419672,-0.0005380200860832796,-0.020270270270270285,0.025188916876574208,0.007182320441988965,0.002941176470588225,0.011627906976744207,-0.0012544537729630711,-0.001628826856043042,-0.012716436526660768,-0.0010272561413829928,0.0012824187018791733,0.005825024351696628,0.00013498747362006291,0.0036623872494296883,0.002751966038992304,0.00020455044190947902
-0.02310924369747891,-0.0024390243902439046,0.03757182576459672,-0.012125534950071293,0.013996052395478298,-0.019157088122605415,0.005700245700245743,-0.0016182117388919837,-0.01319648093841641,-0.019704433497536922,0.00017674055276328815,-0.001724482249146564,0.017176681972555174,-0.0014811885749923537,0.001515685399672284,-0.00040773520298353905,0.0019680262665588977,0.00837640607231438,0.001307870117049248,-0.000657207716101782
0.032258064516129004,-0.02933985330073341,0.07972917448237671,0.0007220216606498298,-0.006901433374624011,-0.02382812500000009,0.007573536597283326,0.0003021895002885966,0.013372956909361022,0.011725293132328396,-0.002095898162469134,-0.00046240252143736615,0.03300018005353178,2.356366949207711e-05,0.00047464141984088215,0.003156468334303053,0.004318058744878561,0.005681596713378312,0.0011725164148554956,-0.0005319100088932993
0.03125,-0.01700251889168769,0.13418266048974203,0.026334776334776322,0.01942266571632212,0.024409763905562265,0.021725425537073795,0.026612105899154193,0.02639296187683282,0.024834437086092676,-0.0013641659735551537,0.00015621255287445734,0.0659924822216833,-0.00010395905335636169,0.00030359114228195594,0.0031786542892722203,0.0076192763127262975,0.009095350666624924,0.0008807375924366756,-9.426879930651832e-05
-0.02626262626262621,-0.06598334401024986,0.013632385120350143,-0.050263620386643226,-0.006904387344869867,-0.06875000000000009,-0.011628458873226055,-0.0031299323185576267,-0.034285714285714364,-0.010145395799676882,-0.00024307301525006153,-0.00043753033458859836,0.0799502822368594,-0.0015907107500757744,0.0006436543783963078,-0.0002999350815046098,0.012603076254598333,0.01299977900241811,0.0010957573492613726,0.0012087633654835894
0.029045643153526868,0.05075445816186552,-0.01718699853924266,0.0,0.027105517909002952,0.005872483221476488,0.02208989627353053,0.02361528553027048,0.01479289940828421,-0.004439221830526252,-0.0017779142331447728,-0.0003676524230619149,0.03333232979815248,-0.0015282837474269728,0.0027907278528402912,0.0006901082544079618,0.011074076219589113,0.011380580848259214,0.0013074301542712607,-0.0003342749719825733
-0.022177419354838745,-0.04830287206266315,0.020504092310661415,-0.050703182827535165,0.0008568246080027375,-0.06755629691409515,0.007329449351625605,0.0031981438758388325,-0.04081632653061229,-0.040983606557377095,-0.001630777076951917,0.002353535403251783,0.010173765963950254,-0.0019411271498828153,0.003233065989326489,-0.00010556835133623821,0.014095261040990792,0.018004768089200818,0.0016069321118432622,-7.902868525244688e-05
0.01030927835051565,0.10836762688614532,0.10919709286057655,0.05692007797270948,0.021402277202294373,0.06797853309481217,-0.0034981343283582156,0.002247687829323164,0.019756838905774954,0.042735042735042805,-0.0010275851547127957,0.0009237444745502366,0.009856491437914672,-0.0004241137926448424,0.0005851123227076371,0.0007174779121168484,0.006724139529565187,0.0059512577102549535,-9.809577528641089e-05,0.0010846599139509028
0.014285714285714235,-0.05383663366336644,-0.033576755648411116,-0.00995942456658061,-0.025731288240717465,-0.025125628140703404,-0.030657617598876752,-0.004197955778055817,0.0,-0.004918032786885185,-0.0010287961963549863,-0.0009769408960907944,0.06009759832270811,-0.001629243830407856,0.0019728812868384793,3.0759309665118195e-05,0.007401457795310096,0.013102388113793273,-0.0003002791162101115,0.0015691397804067364
-0.02917505030181078,-0.01635055591890122,0.014915333645673101,-0.027198211624441138,0.020818995182381395,-0.0077319587628865705,0.006228874939642637,0.016496033096802698,0.02682563338301036,0.0494233937397035,0.0002977441937099812,-0.001637870373968675,0.09485462930534094,-0.002293831310411387,-0.0017234995514739948,-0.002216433783116867,0.006533990247858723,0.018208799535519793,-0.0003500421474762483,0.004169856799543847
0.03419689119170988,0.16223404255319163,0.020107030866171938,0.09574875526618154,0.01913028821843943,0.16363636363636358,-0.0016315562167089626,0.006954998583241112,0.036284470246734424,0.058084772370486704,5.127279867389589e-05,-0.00455426299368078,0.037199244507485574,-0.003313155914392074,-0.0065496605522016305,-0.006149886321627496,0.007687098814917137,0.010611082546562622,-0.0014849227877857807,0.008304287064897053
-0.008476953907815665,-0.09324942791762014,-0.031098117171717177,-0.04578818594896883,-0.01017117340610274,-0.07328869047619047,-0.020043258832011634,-0.013276713309969046,-0.01050420168067212,0.020727002967358965,-0.0009995868090210136,-0.0025491608154869505,0.002305494893625859,-0.0031595804163566665,-0.0036421563855546513,-0.004517315964757129,0.007265534171453147,0.009210209349696408,0.0009466693679585081,0.0029681347154704163
-0.002566849243082814,-0.023974763406940047,0.0011208523575430007,-0.009157509157509125,-0.008855472013366783,-0.04295463669209154,-0.004953894447714324,-0.001477755885098131,0.002123142250530785,-0.010131255723360044,-0.0004443626129413403,0.0009328467969214049,-0.0006584659982611374,0.00017351393796172232,-0.0030662782611625694,0.0027957102907358866,0.0073401828898005395,0.005946774408099431,0.0015794331249197047,0.001429743965880581
-0.003039513677811523,-0.029734970911441505,0.0946516045186443,-0.031053604436229176,-0.007333108563722268,-0.03901006711409394,0.042490264701533054,0.021498117616513213,-0.031073446327683607,-0.022026431718061623,-0.001126472398341849,2.075715199612027e-05,-0.0003752441819090402,-0.0001845566185902925,-0.002546192417450577,0.003251206018896946,0.004199807841778869,0.0007213763976647858,0.0010554005480718498,-0.0019357011715142036
0.03861788617886197,0.011992005329780175,-0.045595962178913485,0.008035101106447895,0.007302369024369426,0.0013094718463553257,-0.01295569530474261,-0.013801692804310872,0.026239067055393583,0.0045045045045044585,-0.005133024840075939,6.438970691702295e-05,0.004707930831606699,-0.0008868791468185089,-0.0020267595425855767,0.0037743282511712994,0.0121999713460752,0.006590385518553399,0.0022668133906740273,-0.0029856906560421503
0.015655577299412915,-0.003291639236339572,0.014672297426606695,-0.0064570827308993994,0.0032032369552390527,-0.00959023539668713,0.014387065868263438,0.002809278350515365,0.0028409090909089496,0.02391629297458886,-0.0017910490520149924,-0.0005079343301406247,0.018562292746562736,-0.0010699006528999133,-0.001802999853909082,0.0011322914545575102,0.009357923051632078,0.007400483136241087,-0.002282286806205569,-0.00041559444866245965
-0.005780346820809301,-0.022457067371202122,-0.048347143809176485,0.020190476190476314,-0.007478363162759405,0.03609154929577474,-0.04322624488024507,-0.045053843583746644,-0.0028328611898016387,0.018978102189781243,0.0008769895322287002,-0.00032021332302545336,0.033227259807282694,-0.0013410998293313936,-0.0016379047073329378,-0.0012075844046568474,0.016986850211492044,0.005356181025476969,-0.0014535880237385168,-0.000764614103078598
-0.023255813953488413,0.0,-0.06482215527720525,-0.030246452576549787,-0.004740941415509625,-0.03313508920985542,-0.006416584402763936,-0.003068145117881338,-0.025568181818181768,-0.013295128939828094,-0.00022378401758893496,-0.00014414642133886435,0.03484060311217152,-0.0022057792707661505,-0.0016791836646418146,-0.0029767380916536634,0.007415354992780676,0.01155506225644265,-0.0012165841810719558,-0.0013198908754016303
0.04960317460317465,-0.07027027027027033,0.08784509310802813,-0.018482864844050817,-0.010377679482817315,0.0008787346221441616,0.012667660208643738,0.023743318395334834,-0.022594752186588907,0.007666395632477618,-0.0023538432817414856,0.0007011923772104467,0.010270949079287162,0.0015642040544254776,-0.001947595412237435,0.0019137973316905033,0.002908832471878009,0.003660353167195707,0.0010161560769641476,-0.0014172893109010154
-0.030245746691871522,0.04215116279069764,-0.041924528056834554,0.0168693605335426,-0.001375279353618697,0.03336259877085146,-0.010350748099092422,-0.016283638569149272,0.027591349739000792,0.010072046109510069,-0.00209520197362556,0.0020778645294801112,-0.0026188734728693763,0.000847003377536959,-0.001676065153344397,-0.00039579227147090723,0.002188097376404574,0.004373188766680913,0.004726099964710295,-0.0019097837484416402
0.01949317738791434,0.021617852161785356,0.01670112176771621,-0.007716049382716195,-0.004475813393010952,-0.03143585386576031,0.011499950431248074,0.01938129959253687,-0.04354136429608124,-0.014251273199332393,-0.0011569673069309339,-0.001335044347745895,-0.004087886352539538,-0.00025473197077652276,-0.001476060090947251,-0.0031224765390708287,-0.0009619629064768764,0.0011572279844167532,0.008864338078818701,-0.001086356265691868
-0.00956022944550683,-0.02116040955631404,-0.008380055867039049,-0.030326594090202108,0.0,-0.02017543859649129,-0.0008330883073606188,0.012122965261524676,-0.04931714719271629,-0.02460202604920403,-0.001279585250705928,-0.0022549129641119547,-0.00046539423859037754,5.607969512722022e-05,-0.0009387014034044627,0.001010604633352008,-0.0015962919854014546,-4.862336895550268e-05,0.004931386332054144,-0.0019914964984438788
0.021235521235521304,-0.03207810320781024,-0.03725914671041142,0.001603849238171584,0.011384229638595755,-0.004476275738585556,0.005934572563637275,0.10473394304718364,-0.031125299281723806,-0.020771513353115778,-0.001900307862747752,-0.0009950365276960582,0.0015353149523127385,0.00011272677389229102,-0.00019234385632671547,0.0007751359285741444,0.0033946718754596095,0.02328174061022259,0.0017815576414734746,-0.002476234473016814
0.05482041587901709,-0.05835734870317011,0.0369972067039106,0.009207365892714092,-0.005357477172804548,-0.003597122302158251,0.05577766942954665,0.024624285613490393,0.007413509060955503,0.014393939393939403,-1.4292952894345845e-05,-7.589352215842116e-05,0.012341840118015535,-0.0009509711729469572,-0.0008046070583475062,9.600682760391166e-05,0.04238945535443017,0.06136713169442798,0.0015103642369711512,-0.0011339594472878911
-0.024193548387096753,0.0520275439938791,0.0008552303734730149,0.01824672748909162,0.009196390201976934,0.035198555956678756,-0.014731689295280348,0.007230409034568286,0.005723630417007408,0.0246452576549665,-0.00011042335460054176,-0.0006530589892302929,0.0008286416077041281,-0.0017660992202120918,-0.0016565985364555003,-0.00398641039772929,0.05470225510676663,0.041080462658722006,0.0014029705045552898,-0.001654359176465059
0.026629935720844822,0.019636363636363674,-0.0007199327165684499,0.03233346318659902,0.08703798330778412,0.09590235396686997,-0.0018748535270681765,0.003484423782502688,0.03902439024390225,0.014577259475218707,-0.0021560645198123174,-0.0005217953596347025,0.00027479891983595017,-0.001655412021806968,-0.0031640828113925767,-0.0061944620442809795,0.010360725305826879,0.01309406057180551,0.002851657887355641,-5.6419976991128884e-05
-0.003577817531305816,-0.01747503566333808,0.0030366689559515603,0.021886792452830095,0.02491382011908483,0.036197295147175845,0.015966189246301887,0.03529326269079047,-0.00860719874804372,-0.0035919540229885083,-0.0014338725328810753,0.0001390410230128758,-0.004575784723258369,-0.0016666547841086565,-0.004543675198369068,-0.008071633865137207,0.0050135646447251325,0.008873497342871683,0.0008241148198964154,-0.0021257223199403485
-0.11269299820466783,0.03230490018148813,-0.024562157227342674,0.00350812407680956,-0.006268154716404184,0.00023800383877148334,-0.018072567598798273,-0.025160129858734726,0.008681925808997626,-0.009372746935832676,-0.0008500994261172456,0.00015238422203989188,-0.0009603576633006039,-0.00012710315322594923,-0.001178421784705841,-0.0006546372674118839,0.0030599853947967937,0.01684586850859393,-0.0012578584755357225,-0.0024942654035103873
-0.030815612164377004,0.0850914205344584,-0.0234670704012111,0.0793008279668812,-0.008999999999999897,0.0744544484614027,-0.01934663905102607,0.01469363875700358,0.04538341158059467,0.033478893740902516,-0.0001490997196085253,-0.0024507939901077247,0.010044684781936652,-0.0024926062301158236,-0.0024929499285070156,-0.00417754369702672,0.009397146977880855,0.01780008847212189,-0.0006995398988286494,-0.0030507149894303254
