timestamp,users_holding
"2020-06-04 12:40:08",0
"2020-06-04 13:40:09",48
"2020-06-04 14:40:09",9299
"2020-06-04 15:40:08",13896
"2020-06-04 17:06:13",17406
"2020-06-04 17:40:08",17406
"2020-06-04 18:40:08",18915
"2020-06-04 19:40:08",20161
"2020-06-04 20:40:09",21318
"2020-06-04 21:40:08",21527
"2020-06-04 22:40:08",21806
"2020-06-04 23:40:08",21806
"2020-06-05 00:40:08",21806
"2020-06-05 01:40:07",21806
"2020-06-05 02:40:09",21806
"2020-06-05 03:40:08",21806
"2020-06-05 04:40:08",21806
"2020-06-05 05:40:09",21808
"2020-06-05 06:40:07",21808
"2020-06-05 07:40:09",21808
"2020-06-05 08:40:11",21808
"2020-06-05 09:40:08",21808
"2020-06-05 10:40:07",21808
"2020-06-05 11:40:08",21808
"2020-06-05 13:08:41",21893
"2020-06-05 13:40:10",21893
"2020-06-05 14:40:08",24788
"2020-06-05 15:40:08",28367
"2020-06-05 16:40:12",29596
"2020-06-05 17:40:09",30772
"2020-06-05 18:40:08",31822
"2020-06-05 19:40:09",32695
"2020-06-05 20:40:10",33494
"2020-06-05 21:40:10",33672
"2020-06-05 22:40:08",33811
"2020-06-05 23:40:09",33811
"2020-06-06 00:40:09",33811
"2020-06-06 01:40:09",33811
"2020-06-06 02:40:10",33811
"2020-06-06 03:40:08",33811
"2020-06-06 04:40:09",33811
"2020-06-06 05:40:10",33811
"2020-06-06 06:40:08",33811
"2020-06-06 07:40:09",33811
"2020-06-06 08:40:09",33811
"2020-06-06 09:51:59",33827
"2020-06-06 10:40:08",33827
"2020-06-06 11:40:08",33827
"2020-06-06 12:40:07",33827
"2020-06-06 13:40:09",33827
"2020-06-06 14:40:08",33827
"2020-06-06 15:40:08",33827
"2020-06-06 16:40:12",33827
"2020-06-06 17:41:10",33827
"2020-06-06 18:40:08",33827
"2020-06-06 19:40:09",33827
"2020-06-06 20:40:09",33827
"2020-06-06 21:40:08",33827
"2020-06-06 22:40:09",33827
"2020-06-06 23:40:08",33827
"2020-06-07 00:40:10",33827
"2020-06-07 01:40:07",33827
"2020-06-07 02:40:08",33827
"2020-06-07 03:40:10",33827
"2020-06-07 04:40:10",33827
"2020-06-07 05:40:08",33827
"2020-06-07 06:40:11",33827
"2020-06-07 07:40:09",33827
"2020-06-07 08:40:08",33827
"2020-06-08 04:40:07",33827
"2020-06-08 05:40:07",33827
"2020-06-08 06:40:09",33827
"2020-06-08 07:40:09",33827
"2020-06-08 08:40:09",33827
"2020-06-08 09:40:08",33827
"2020-06-08 10:40:08",33827
"2020-06-08 11:40:08",33827
"2020-06-08 12:40:08",33827
"2020-06-08 13:40:08",33882
"2020-06-08 14:40:11",37735
"2020-06-08 15:40:08",46527
"2020-06-08 16:40:08",51824
"2020-06-08 17:40:09",55710
"2020-06-08 18:40:10",59297
"2020-06-08 19:40:10",63521
"2020-06-08 20:40:08",70378
"2020-06-08 21:40:09",74509
"2020-06-08 22:40:08",77040
"2020-06-08 23:40:09",77040
"2020-06-09 00:40:11",77040
"2020-06-09 01:40:10",77040
"2020-06-09 02:40:10",77040
"2020-06-09 03:40:11",77040
"2020-06-09 04:40:14",77040
"2020-06-09 05:40:10",77020
"2020-06-09 06:40:09",77019
"2020-06-09 07:40:09",77019
"2020-06-09 08:40:10",77019
"2020-06-09 09:40:11",77019
"2020-06-09 10:40:09",77019
"2020-06-09 11:40:09",77019
"2020-06-09 12:40:10",77019
"2020-06-09 13:40:08",77608
"2020-06-09 14:40:11",87181
"2020-06-09 15:40:08",109306
"2020-06-09 16:40:13",113378
"2020-06-09 17:40:07",117285
"2020-06-09 18:40:09",120988
"2020-06-09 19:40:08",122581
"2020-06-09 20:40:11",122581
"2020-06-09 21:40:10",124444
"2020-06-09 22:40:09",125059
"2020-06-09 23:40:10",125059
"2020-06-10 00:40:09",125059
"2020-06-10 01:40:11",125059
"2020-06-10 02:40:08",125059
"2020-06-10 03:40:09",125059
"2020-06-10 04:40:10",125058
"2020-06-10 05:40:12",125063
"2020-06-10 06:40:09",125063
"2020-06-10 07:40:08",125063
"2020-06-10 08:40:11",125063
"2020-06-10 09:40:07",125063
"2020-06-10 10:40:07",125063
"2020-06-10 11:40:08",125063
"2020-06-10 12:40:10",125063
"2020-06-10 13:40:09",124985
"2020-06-10 14:40:12",125039
"2020-06-10 15:40:09",127111
"2020-06-10 16:40:12",127630
"2020-06-10 17:40:09",127886
"2020-06-10 18:40:09",128180
"2020-06-10 19:40:08",129292
"2020-06-10 20:40:08",130130
"2020-06-10 21:40:10",130528
"2020-06-10 22:40:08",130783
"2020-06-10 23:40:10",130783
"2020-06-11 00:40:14",130783
"2020-06-11 01:40:09",130783
"2020-06-11 02:40:09",130783
"2020-06-11 03:40:10",130783
"2020-06-11 04:40:09",130780
"2020-06-11 05:40:09",130780
"2020-06-11 06:40:08",130780
"2020-06-11 07:40:08",130780
"2020-06-11 08:40:07",130780
"2020-06-11 09:40:10",130780
"2020-06-11 10:40:08",130780
"2020-06-11 11:40:07",130780
"2020-06-11 12:40:10",130780
"2020-06-11 13:40:12",130987
"2020-06-11 14:40:10",133609
"2020-06-11 15:40:11",136787
"2020-06-11 16:40:14",137379
"2020-06-11 17:40:10",137365
"2020-06-11 18:40:12",137650
"2020-06-11 19:40:10",137668
"2020-06-11 20:40:10",137365
"2020-06-11 21:40:11",137416
"2020-06-11 22:40:10",137516
"2020-06-11 23:40:09",137516
"2020-06-12 00:40:10",137516
"2020-06-12 01:40:10",137516
"2020-06-12 02:40:10",137516
"2020-06-12 03:40:11",137516
"2020-06-12 04:40:10",137516
"2020-06-12 05:40:10",137516
"2020-06-12 06:40:10",137516
"2020-06-12 07:40:11",137516
"2020-06-12 08:40:09",137516
"2020-06-12 09:40:10",137516
"2020-06-12 10:40:12",137516
"2020-06-12 11:40:09",137516
"2020-06-12 14:08:20",138548
"2020-06-12 14:16:19",138548
"2020-06-12 14:40:12",138548
"2020-06-12 15:40:12",138745
"2020-06-12 16:40:13",138763
"2020-06-12 17:40:09",138981
"2020-06-12 18:40:12",139103
"2020-06-12 19:40:11",139188
"2020-06-12 20:40:10",139320
"2020-06-12 21:40:10",139332
"2020-06-12 22:40:10",139402
"2020-06-12 23:40:09",139402
"2020-06-13 00:40:09",139402
"2020-06-13 01:40:10",139402
"2020-06-13 02:40:09",139402
"2020-06-13 03:40:09",139402
"2020-06-13 04:40:09",139402
"2020-06-13 05:40:11",139402
"2020-06-13 06:40:09",139416
"2020-06-13 07:40:09",139416
"2020-06-13 08:40:09",139405
"2020-06-13 09:40:10",139405
"2020-06-13 10:40:09",139405
"2020-06-13 11:40:08",139405
"2020-06-13 12:40:10",139405
"2020-06-13 13:40:11",139405
"2020-06-13 14:40:08",139405
"2020-06-13 15:40:09",139405
"2020-06-13 16:40:12",139405
"2020-06-13 17:40:11",139405
"2020-06-13 18:40:10",139405
"2020-06-13 19:40:09",139405
"2020-06-13 20:40:11",139405
"2020-06-13 21:40:08",139405
"2020-06-13 22:40:10",139405
"2020-06-13 23:40:10",139405
"2020-06-14 00:40:09",139405
"2020-06-14 01:40:08",139405
"2020-06-14 02:40:09",139405
"2020-06-14 03:40:11",139405
"2020-06-14 04:40:09",139405
"2020-06-14 05:40:09",139405
"2020-06-14 06:40:08",139405
"2020-06-14 07:40:11",139405
"2020-06-14 08:40:10",139405
"2020-06-14 09:40:10",139405
"2020-06-14 10:40:10",139405
"2020-06-14 11:40:11",139405
"2020-06-14 12:40:08",139405
"2020-06-14 13:40:09",139405
"2020-06-14 14:40:12",139405
"2020-06-14 15:40:08",139405
"2020-06-14 16:40:08",139405
"2020-06-14 17:40:11",139405
"2020-06-14 18:40:09",139405
"2020-06-14 19:40:08",139405
"2020-06-14 20:40:09",139405
"2020-06-14 21:40:10",139405
"2020-06-14 22:40:08",139405
"2020-06-14 23:40:09",139405
"2020-06-15 00:40:11",139405
"2020-06-15 01:40:12",139405
"2020-06-15 02:40:10",139405
"2020-06-15 03:40:09",139405
"2020-06-15 04:40:10",139405
"2020-06-15 05:40:12",139405
"2020-06-15 06:40:09",139405
"2020-06-15 07:40:09",139405
"2020-06-15 08:40:10",139405
"2020-06-15 09:40:10",139405
"2020-06-15 10:40:08",139405
"2020-06-15 11:40:09",139405
"2020-06-15 12:40:09",139405
"2020-06-15 13:40:12",139405
"2020-06-15 14:40:10",140939
"2020-06-15 15:40:09",141152
"2020-06-15 16:40:11",141196
"2020-06-15 17:40:10",141220
"2020-06-15 18:39:14",141325
"2020-06-15 18:47:00",141325
"2020-06-15 18:54:39",141325
"2020-06-15 19:02:20",141325
"2020-06-15 19:10:02",141400
"2020-06-15 19:17:52",141400
"2020-06-15 19:25:35",141400
"2020-06-15 19:33:16",141400
"2020-06-15 19:40:55",141400
"2020-06-15 19:48:35",141400
"2020-06-15 19:56:19",141400
"2020-06-15 20:04:05",140951
"2020-06-15 20:09:07",140951
"2020-06-15 20:16:47",140951
"2020-06-15 20:24:25",140951
"2020-06-15 20:32:04",140951
"2020-06-15 20:39:42",140951
"2020-06-15 20:47:19",140951
"2020-06-15 20:54:59",140951
"2020-06-15 21:02:41",140951
"2020-06-15 21:10:24",141249
"2020-06-15 21:18:01",141249
"2020-06-15 21:25:38",141249
"2020-06-15 21:33:15",141249
"2020-06-15 21:40:53",141249
"2020-06-15 21:48:31",141249
"2020-06-15 22:40:08",141445
"2020-06-15 23:40:10",141445
"2020-06-16 00:40:10",141445
"2020-06-16 01:40:08",141445
"2020-06-16 02:40:09",141445
"2020-06-16 03:40:08",141445
"2020-06-16 04:40:08",141445
"2020-06-16 05:40:08",141446
"2020-06-16 06:40:10",141439
"2020-06-16 07:40:09",141439
"2020-06-16 08:40:10",141439
"2020-06-16 09:40:08",141439
"2020-06-16 10:40:08",141439
"2020-06-16 11:40:09",141439
"2020-06-16 12:40:10",141439
"2020-06-16 13:40:09",141255
"2020-06-16 14:40:10",141718
"2020-06-16 15:40:09",142204
"2020-06-16 16:40:09",142514
"2020-06-16 17:40:08",142651
"2020-06-16 18:40:10",142936
"2020-06-16 19:40:10",143318
"2020-06-16 20:40:08",143638
"2020-06-16 21:40:09",143776
"2020-06-16 22:40:08",143814
"2020-06-16 23:40:09",143814
"2020-06-17 00:40:09",143814
"2020-06-17 01:40:09",143814
"2020-06-17 02:40:09",143814
"2020-06-17 03:40:09",143814
"2020-06-17 04:40:09",143814
"2020-06-17 05:40:10",143813
"2020-06-17 06:40:11",143794
"2020-06-17 07:40:10",143794
"2020-06-17 08:40:08",143794
"2020-06-17 09:40:10",143794
"2020-06-17 10:40:08",143794
"2020-06-17 11:40:10",143794
"2020-06-17 12:40:10",143794
"2020-06-17 13:40:13",143726
"2020-06-17 14:40:10",146131
"2020-06-17 15:40:12",147691
"2020-06-17 16:40:12",148639
"2020-06-17 17:40:11",149173
"2020-06-17 18:40:10",149398
"2020-06-17 19:40:11",149933
"2020-06-17 20:40:12",151178
"2020-06-17 21:40:10",151178
"2020-06-17 22:40:10",151178
"2020-06-17 23:40:12",151397
"2020-06-18 00:40:11",151397
"2020-06-18 01:40:11",151397
"2020-06-18 02:40:12",151397
"2020-06-18 03:40:11",151397
"2020-06-18 04:40:11",151383
"2020-06-18 05:40:13",151383
"2020-06-18 06:40:11",151383
"2020-06-18 07:40:10",151383
"2020-06-18 08:40:10",151383
"2020-06-18 09:40:11",151383
"2020-06-18 10:40:10",151383
"2020-06-18 11:40:11",151383
"2020-06-18 12:40:11",151383
"2020-06-18 13:40:12",151380
"2020-06-18 14:40:10",152125
"2020-06-18 17:02:13",152125
"2020-06-18 17:40:13",152125
"2020-06-18 18:40:12",152125
"2020-06-18 19:40:10",152125
"2020-06-18 20:40:10",151077
"2020-06-18 21:40:11",150904
"2020-06-18 22:40:11",150920
"2020-06-18 23:40:12",150920
"2020-06-19 00:40:13",150920
"2020-06-19 01:40:10",150920
"2020-06-19 02:40:12",150920
"2020-06-19 03:40:14",150920
"2020-06-19 04:40:09",150920
"2020-06-19 05:40:12",150909
"2020-06-19 06:40:10",150909
"2020-06-19 07:40:14",150909
"2020-06-19 08:40:12",150909
"2020-06-19 09:40:11",150909
"2020-06-19 10:40:12",150909
"2020-06-19 11:40:10",150909
"2020-06-19 13:06:12",150848
"2020-06-19 13:40:11",150848
"2020-06-19 14:40:10",151645
"2020-06-19 15:40:12",151681
"2020-06-19 16:40:11",151954
"2020-06-19 17:40:13",152284
"2020-06-19 18:40:09",152500
"2020-06-19 19:40:10",152592
"2020-06-19 20:40:11",152643
"2020-06-19 21:40:09",152658
"2020-06-19 22:40:11",152678
"2020-06-19 23:40:11",152678
"2020-06-20 00:40:10",152678
"2020-06-20 01:40:11",152678
"2020-06-20 02:40:09",152678
"2020-06-20 03:40:10",152678
"2020-06-20 04:40:09",152678
"2020-06-20 05:40:10",152678
"2020-06-20 06:40:11",152704
"2020-06-20 07:40:11",152712
"2020-06-20 08:40:12",152696
"2020-06-20 09:40:10",152696
"2020-06-20 10:40:09",152696
"2020-06-20 11:40:11",152696
"2020-06-20 12:40:12",152696
"2020-06-20 13:40:11",152696
"2020-06-20 14:40:13",152696
"2020-06-20 15:40:10",152696
"2020-06-20 16:40:11",152696
"2020-06-20 17:40:09",152696
"2020-06-20 18:40:12",152696
"2020-06-20 19:40:12",152696
"2020-06-20 20:40:10",152696
"2020-06-20 21:40:10",152696
"2020-06-20 22:40:10",152696
"2020-06-20 23:40:10",152696
"2020-06-21 00:40:11",152696
"2020-06-21 01:40:14",152696
"2020-06-21 02:40:10",152696
"2020-06-21 03:40:12",152696
"2020-06-21 04:40:11",152696
"2020-06-21 05:40:11",152696
"2020-06-21 06:40:12",152696
"2020-06-21 07:40:12",152696
"2020-06-21 08:40:09",152696
"2020-06-21 09:40:12",152696
"2020-06-21 10:40:09",152696
"2020-06-21 11:40:12",152696
"2020-06-21 12:40:12",152696
"2020-06-21 13:40:12",152696
"2020-06-21 14:40:13",152696
"2020-06-21 15:40:13",152696
"2020-06-21 16:40:11",152696
"2020-06-21 17:40:11",152696
"2020-06-21 18:40:13",152696
"2020-06-21 19:40:13",152696
"2020-06-21 20:40:11",152696
"2020-06-21 21:40:11",152696
"2020-06-21 22:40:11",152696
"2020-06-21 23:40:15",152696
"2020-06-22 00:40:12",152696
"2020-06-22 01:40:12",152696
"2020-06-22 02:40:12",152696
"2020-06-22 03:40:13",152696
"2020-06-22 04:40:11",152696
"2020-06-22 05:40:11",152696
"2020-06-22 06:40:11",152696
"2020-06-22 07:40:10",152696
"2020-06-22 08:40:13",152696
"2020-06-22 09:40:13",152696
"2020-06-22 10:40:14",152696
"2020-06-22 11:40:09",152696
"2020-06-22 12:40:14",152696
"2020-06-22 13:40:15",152782
"2020-06-22 14:40:16",152925
"2020-06-22 15:40:14",152355
"2020-06-22 16:40:15",152006
"2020-06-22 17:40:14",151802
"2020-06-22 18:40:16",151558
"2020-06-22 19:40:17",151040
"2020-06-22 20:40:13",149119
"2020-06-22 21:40:14",148881
"2020-06-22 22:40:12",148834
"2020-06-22 23:40:12",148834
"2020-06-23 00:40:13",148834
"2020-06-23 01:40:15",148834
"2020-06-23 02:40:16",148834
"2020-06-23 03:40:15",148834
"2020-06-23 04:40:14",148834
"2020-06-23 05:40:19",148812
"2020-06-23 06:40:14",148812
"2020-06-23 07:40:13",148812
"2020-06-23 08:40:14",148812
"2020-06-23 09:40:17",148812
"2020-06-23 10:40:14",148812
"2020-06-23 11:40:12",148812
"2020-06-23 12:40:14",148812
"2020-06-23 13:40:16",148758
"2020-06-23 14:40:15",148531
"2020-06-23 15:40:20",148325
"2020-06-23 16:40:13",148222
"2020-06-23 17:40:15",147843
"2020-06-23 18:40:17",147633
"2020-06-23 19:40:15",147613
"2020-06-23 20:40:17",146362
"2020-06-23 21:40:13",146276
"2020-06-23 22:40:14",146272
"2020-06-23 23:40:15",146272
"2020-06-24 00:40:15",146272
"2020-06-24 01:40:17",146272
"2020-06-24 02:40:13",146272
"2020-06-24 03:40:15",146254
"2020-06-24 04:40:14",146254
"2020-06-24 05:40:15",146254
"2020-06-24 06:40:13",146254
"2020-06-24 07:40:16",146253
"2020-06-24 08:40:14",146251
"2020-06-24 09:40:14",146251
"2020-06-24 10:40:20",146251
"2020-06-24 11:40:13",146251
"2020-06-24 12:40:14",146251
"2020-06-24 13:40:16",146251
"2020-06-24 14:40:15",146291
"2020-06-24 15:40:13",146260
"2020-06-24 16:40:15",145955
"2020-06-24 17:40:18",146191
"2020-06-24 18:40:14",146242
"2020-06-24 19:40:14",146140
"2020-06-24 20:40:15",145882
"2020-06-24 21:40:13",145850
"2020-06-24 22:40:13",145819
"2020-06-24 23:40:16",145819
"2020-06-25 00:40:16",145819
"2020-06-25 01:40:13",145819
"2020-06-25 02:40:15",145819
"2020-06-25 03:40:15",145819
"2020-06-25 04:40:15",145819
"2020-06-25 05:40:14",145815
"2020-06-25 06:40:16",145800
"2020-06-25 07:40:14",145800
"2020-06-25 08:40:13",145800
"2020-06-25 09:40:15",145800
"2020-06-25 10:40:12",145800
"2020-06-25 11:40:16",145800
"2020-06-25 13:05:14",145789
"2020-06-25 13:40:15",145789
"2020-06-25 14:40:18",145015
"2020-06-25 15:40:16",144874
"2020-06-25 16:40:16",144724
"2020-06-25 17:40:14",144569
"2020-06-25 18:40:16",144481
"2020-06-25 19:40:14",144343
"2020-06-25 20:40:14",144443
"2020-06-25 21:40:14",144496
"2020-06-25 22:40:14",144517
"2020-06-25 23:40:16",144517
"2020-06-26 00:40:16",144517
"2020-06-26 01:40:16",144517
"2020-06-26 02:40:16",144517
"2020-06-26 03:40:15",144517
"2020-06-26 04:40:13",144502
"2020-06-26 05:40:14",144501
"2020-06-26 06:40:15",144501
"2020-06-26 07:40:15",144501
"2020-06-26 08:40:16",144501
"2020-06-26 09:40:12",144501
"2020-06-26 10:40:14",144501
"2020-06-26 11:40:13",144501
"2020-06-26 12:40:16",144501
"2020-06-26 13:40:16",144499
"2020-06-26 14:40:15",144580
"2020-06-26 15:40:16",144400
"2020-06-26 16:40:17",144384
"2020-06-26 17:40:18",144238
"2020-06-26 18:40:14",144240
"2020-06-26 19:40:18",144194
"2020-06-26 20:40:17",144364
"2020-06-26 21:40:17",144538
"2020-06-26 22:40:14",144667
"2020-06-26 23:40:16",144667
"2020-06-27 00:40:17",144667
"2020-06-27 01:40:18",144667
"2020-06-27 02:40:16",144667
"2020-06-27 03:40:17",144667
"2020-06-27 04:40:17",144653
"2020-06-27 05:40:15",144676
"2020-06-27 06:40:17",144676
"2020-06-27 07:40:16",144676
"2020-06-27 08:40:15",144676
"2020-06-27 09:40:16",144676
"2020-06-27 10:40:15",144676
"2020-06-27 11:40:15",144676
"2020-06-27 12:40:17",144676
"2020-06-27 13:40:18",144676
"2020-06-27 14:40:14",144676
"2020-06-27 15:40:19",144676
"2020-06-27 16:40:13",144676
"2020-06-27 17:40:16",144676
"2020-06-27 18:40:18",144676
"2020-06-27 19:40:14",144676
"2020-06-27 20:40:15",144676
"2020-06-27 21:40:16",144676
"2020-06-27 22:40:15",144676
"2020-06-27 23:40:15",144676
"2020-06-28 00:40:18",144676
"2020-06-28 01:40:14",144676
"2020-06-28 02:40:15",144676
"2020-06-28 03:40:17",144676
"2020-06-28 04:40:14",144676
"2020-06-28 05:40:16",144676
"2020-06-28 06:40:14",144676
"2020-06-28 07:40:15",144676
"2020-06-28 08:40:15",144676
"2020-06-28 09:40:15",144676
"2020-06-28 10:40:15",144676
"2020-06-28 11:40:14",144676
"2020-06-28 12:40:15",144676
"2020-06-28 13:40:16",144676
"2020-06-28 14:40:14",144676
"2020-06-28 15:40:16",144676
"2020-06-28 16:40:16",144676
"2020-06-28 17:40:14",144676
"2020-06-28 18:40:14",144676
"2020-06-28 19:40:16",144676
"2020-06-28 20:40:14",144676
"2020-06-28 21:40:15",144676
"2020-06-28 22:40:14",144676
"2020-06-28 23:40:14",144676
"2020-06-29 00:40:18",144676
"2020-06-29 01:40:14",144676
"2020-06-29 02:40:17",144676
"2020-06-29 03:40:16",144676
"2020-06-29 04:40:16",144676
"2020-06-29 05:40:15",144676
"2020-06-29 06:40:17",144676
"2020-06-29 07:40:15",144676
"2020-06-29 08:40:15",144676
"2020-06-29 09:40:16",144676
"2020-06-29 10:40:18",144676
"2020-06-29 11:40:15",144676
"2020-06-29 12:40:20",144676
"2020-06-29 13:40:19",144686
"2020-06-29 14:40:18",146750
"2020-06-29 15:40:16",147454
"2020-06-29 16:40:16",148012
"2020-06-29 17:40:16",148345
"2020-06-29 18:40:17",148623
"2020-06-29 19:40:15",148954
"2020-06-29 20:40:15",149149
"2020-06-29 21:40:15",149230
"2020-06-29 22:40:15",149316
"2020-06-29 23:40:17",149316
"2020-06-30 00:40:16",149316
"2020-06-30 01:40:19",149316
"2020-06-30 02:40:19",149316
"2020-06-30 03:40:15",149316
"2020-06-30 04:40:16",149316
"2020-06-30 05:40:20",149316
"2020-06-30 06:40:16",149316
"2020-06-30 07:40:15",149300
"2020-06-30 08:40:14",149300
"2020-06-30 09:40:18",149300
"2020-06-30 10:40:15",149300
"2020-06-30 11:40:14",149300
"2020-06-30 12:40:16",149300
"2020-06-30 13:40:20",149284
"2020-06-30 14:40:18",149607
"2020-06-30 15:40:18",149791
"2020-06-30 16:40:17",149594
"2020-06-30 17:40:16",149395
"2020-06-30 18:40:16",149259
"2020-06-30 19:40:17",149155
"2020-06-30 20:40:16",149276
"2020-06-30 21:40:15",149282
"2020-06-30 22:40:14",149265
"2020-06-30 23:40:17",149265
"2020-07-01 00:40:18",149265
"2020-07-01 01:40:18",149265
"2020-07-01 02:40:18",149265
"2020-07-01 03:40:17",149265
"2020-07-01 04:40:18",149254
"2020-07-01 05:40:16",149253
"2020-07-01 06:40:16",149253
"2020-07-01 07:40:16",149253
"2020-07-01 08:40:16",149253
"2020-07-01 09:40:19",149253
"2020-07-01 10:40:20",149253
"2020-07-01 11:40:17",149253
"2020-07-01 13:04:49",149261
"2020-07-01 13:40:18",149261
"2020-07-01 14:40:18",149441
"2020-07-01 15:40:17",149340
"2020-07-01 16:40:19",149287
"2020-07-01 17:40:17",149287
"2020-07-01 18:40:15",148808
"2020-07-01 19:40:18",148633
"2020-07-01 20:40:16",148674
"2020-07-01 21:40:18",148716
"2020-07-01 22:40:18",148753
"2020-07-01 23:40:19",148753
"2020-07-02 00:40:17",148753
"2020-07-02 01:40:18",148753
"2020-07-02 02:40:17",148753
"2020-07-02 03:40:19",148753
"2020-07-02 04:40:19",148741
"2020-07-02 05:40:18",148741
"2020-07-02 06:40:17",148741
"2020-07-02 07:40:16",148741
"2020-07-02 08:40:16",148741
"2020-07-02 09:40:16",148741
"2020-07-02 10:40:18",148741
"2020-07-02 11:40:17",148741
"2020-07-02 13:07:50",148747
"2020-07-02 13:40:22",148747
"2020-07-02 14:40:20",149565
"2020-07-02 15:40:18",149548
"2020-07-02 16:40:18",149740
"2020-07-02 17:40:19",149976
"2020-07-02 18:40:18",150024
"2020-07-02 19:40:19",150024
"2020-07-02 20:40:15",149915
"2020-07-02 21:40:18",150111
"2020-07-02 22:40:16",150243
"2020-07-02 23:40:17",150243
"2020-07-03 00:40:19",150243
"2020-07-03 01:40:19",150243
"2020-07-03 02:40:17",150243
"2020-07-03 03:40:20",150243
"2020-07-03 04:40:22",150243
"2020-07-03 05:40:17",150301
"2020-07-03 06:40:17",150293
"2020-07-03 07:40:17",150293
"2020-07-03 08:40:16",150293
"2020-07-03 09:40:19",150293
"2020-07-03 10:40:16",150293
"2020-07-03 11:40:17",150293
"2020-07-03 12:40:16",150293
"2020-07-03 13:40:16",150293
"2020-07-03 14:40:16",150293
"2020-07-03 15:40:16",150293
"2020-07-03 16:40:18",150293
"2020-07-03 17:40:17",150293
"2020-07-03 18:40:20",150293
"2020-07-03 19:40:16",150293
"2020-07-03 20:40:16",150293
"2020-07-03 21:40:18",150293
"2020-07-03 22:40:15",150293
"2020-07-03 23:40:18",150293
"2020-07-04 00:40:17",150293
"2020-07-04 01:40:16",150293
"2020-07-04 02:40:18",150293
"2020-07-04 03:40:19",150293
"2020-07-04 04:40:17",150293
"2020-07-04 05:40:18",150293
"2020-07-04 06:40:17",150293
"2020-07-04 07:40:18",150293
"2020-07-04 08:40:15",150293
"2020-07-04 09:40:17",150293
"2020-07-04 11:34:51",150293
"2020-07-04 11:42:43",150293
"2020-07-04 12:40:17",150293
"2020-07-04 13:40:18",150293
"2020-07-04 14:40:18",150293
"2020-07-04 15:40:15",150293
"2020-07-04 16:40:16",150293
"2020-07-04 17:40:17",150293
"2020-07-04 18:40:16",150293
"2020-07-04 19:40:15",150293
"2020-07-04 20:40:19",150293
"2020-07-04 21:40:16",150293
"2020-07-04 22:40:16",150293
"2020-07-04 23:40:18",150293
"2020-07-05 00:40:17",150293
"2020-07-05 01:40:16",150293
"2020-07-05 02:40:17",150293
"2020-07-05 03:40:18",150293
"2020-07-05 04:40:16",150293
"2020-07-05 05:40:16",150293
"2020-07-05 06:40:17",150293
"2020-07-05 07:40:17",150293
"2020-07-05 08:40:18",150293
"2020-07-05 09:40:17",150293
"2020-07-05 11:31:23",150293
"2020-07-05 11:44:12",150293
"2020-07-05 12:40:17",150293
"2020-07-05 13:40:18",150293
"2020-07-05 14:40:15",150293
"2020-07-05 15:40:16",150293
"2020-07-05 16:40:19",150293
"2020-07-05 17:40:16",150293
"2020-07-05 18:40:17",150293
"2020-07-05 19:40:16",150293
"2020-07-05 20:40:17",150293
"2020-07-05 21:40:17",150293
"2020-07-05 22:40:17",150293
"2020-07-05 23:40:16",150293
"2020-07-06 00:40:18",150293
"2020-07-06 01:40:18",150293
"2020-07-06 02:40:17",150293
"2020-07-06 03:40:16",150293
"2020-07-06 04:40:16",150293
"2020-07-06 05:40:16",150293
"2020-07-06 06:40:18",150293
"2020-07-06 07:40:16",150293
"2020-07-06 08:40:20",150293
"2020-07-06 09:40:16",150293
"2020-07-06 11:38:04",150293
"2020-07-06 11:48:41",150293
"2020-07-06 14:06:26",151274
"2020-07-06 14:14:32",151274
"2020-07-06 14:40:19",151274
"2020-07-06 15:40:18",151274
"2020-07-06 16:40:20",153150
"2020-07-06 17:40:20",153150
"2020-07-06 18:40:18",152796
"2020-07-06 19:40:16",152932
"2020-07-06 20:40:16",153701
"2020-07-06 21:40:17",153894
"2020-07-06 22:40:16",153976
"2020-07-06 23:40:16",153976
"2020-07-07 00:40:18",153976
"2020-07-07 01:40:16",153976
"2020-07-07 02:40:18",153976
"2020-07-07 03:40:18",153968
"2020-07-07 04:40:16",153968
"2020-07-07 05:40:17",153969
"2020-07-07 06:40:15",153969
"2020-07-07 07:40:17",153969
"2020-07-07 08:40:15",153969
"2020-07-07 11:20:52",153969
"2020-07-07 11:21:15",153969
"2020-07-07 11:40:17",153969
"2020-07-07 12:40:18",153969
"2020-07-07 13:40:17",154022
"2020-07-07 14:40:18",152481
"2020-07-07 15:40:19",151806
"2020-07-07 16:40:20",152235
"2020-07-07 17:40:19",152141
"2020-07-07 18:40:16",152112
"2020-07-07 19:40:17",152038
"2020-07-07 20:40:19",151834
"2020-07-07 21:40:18",152056
"2020-07-07 22:40:19",152178
"2020-07-07 23:40:16",152178
"2020-07-08 00:40:22",152178
"2020-07-08 01:40:18",152178
"2020-07-08 02:40:17",152178
"2020-07-08 03:40:19",152159
"2020-07-08 04:40:17",152159
"2020-07-08 05:40:19",152158
"2020-07-08 06:40:20",152158
"2020-07-08 07:40:18",152158
"2020-07-08 08:40:17",152158
"2020-07-08 11:46:25",152158
"2020-07-08 11:46:34",152158
"2020-07-08 11:49:41",152158
"2020-07-08 13:08:49",152180
"2020-07-08 13:40:21",152180
"2020-07-08 14:40:18",155606
"2020-07-08 15:40:19",156580
"2020-07-08 16:40:20",157280
"2020-07-08 17:40:21",157280
"2020-07-08 18:40:17",157280
"2020-07-08 19:40:17",160062
"2020-07-08 20:40:18",161123
"2020-07-08 21:40:20",161271
"2020-07-08 22:40:18",161382
"2020-07-08 23:40:21",161382
"2020-07-09 00:40:21",161382
"2020-07-09 01:40:20",161382
"2020-07-09 18:40:24",162400
"2020-07-09 18:40:47",162400
"2020-07-09 18:56:16",162400
"2020-07-09 19:41:53",163007
"2020-07-09 20:40:22",163178
"2020-07-09 21:40:18",163193
"2020-07-09 22:40:20",163200
"2020-07-09 23:40:20",163200
"2020-07-10 00:40:24",163200
"2020-07-10 01:40:22",163200
"2020-07-10 02:40:19",163200
"2020-07-10 03:40:21",163195
"2020-07-10 04:40:18",163195
"2020-07-10 05:40:18",163195
"2020-07-10 06:40:19",163195
"2020-07-10 07:40:21",163195
"2020-07-10 08:40:19",163195
"2020-07-10 11:40:30",163195
"2020-07-10 11:46:57",163195
"2020-07-10 11:55:55",163195
"2020-07-10 13:08:49",163161
"2020-07-10 13:40:22",163161
"2020-07-10 14:40:20",163161
"2020-07-10 15:40:19",162328
"2020-07-10 16:40:21",162420
"2020-07-10 17:40:21",162542
"2020-07-10 18:40:21",162984
"2020-07-10 19:40:20",163132
"2020-07-10 20:40:19",163181
"2020-07-10 21:40:25",163188
"2020-07-10 22:40:18",163222
"2020-07-10 23:40:19",163222
"2020-07-11 00:40:20",163222
"2020-07-11 01:40:19",163222
"2020-07-11 02:40:20",163222
"2020-07-11 03:40:20",163222
"2020-07-11 04:40:19",163215
"2020-07-11 05:40:18",163246
"2020-07-11 06:40:17",163246
"2020-07-11 07:40:18",163246
"2020-07-11 08:40:20",163246
"2020-07-11 11:45:12",163246
"2020-07-11 11:49:00",163246
"2020-07-11 11:52:59",163246
"2020-07-11 12:40:21",163246
"2020-07-11 13:40:22",163246
"2020-07-11 14:40:18",163246
"2020-07-11 15:40:20",163246
"2020-07-11 16:40:18",163246
"2020-07-11 17:40:22",163246
"2020-07-11 18:40:19",163246
"2020-07-11 19:40:18",163246
"2020-07-11 20:40:17",163246
"2020-07-11 21:40:18",163246
"2020-07-11 22:40:20",163246
"2020-07-11 23:40:19",163246
"2020-07-12 00:40:19",163246
"2020-07-12 01:40:20",163246
"2020-07-12 02:40:18",163246
"2020-07-12 03:40:21",163246
"2020-07-12 04:40:20",163246
"2020-07-12 05:40:19",163246
"2020-07-12 06:40:21",163246
"2020-07-12 07:40:20",163246
"2020-07-12 08:40:17",163246
"2020-07-12 11:30:45",163246
"2020-07-12 11:31:54",163246
"2020-07-12 11:50:14",163246
"2020-07-12 12:40:19",163246
"2020-07-12 13:40:22",163246
"2020-07-12 14:40:18",163246
"2020-07-12 15:40:19",163246
"2020-07-12 16:40:21",163246
"2020-07-12 17:40:18",163246
"2020-07-12 18:40:19",163246
"2020-07-12 19:40:19",163246
"2020-07-12 20:40:19",163246
"2020-07-12 21:40:18",163246
"2020-07-12 22:40:19",163246
"2020-07-12 23:40:18",163246
"2020-07-13 00:40:25",163246
"2020-07-13 01:40:23",163246
"2020-07-13 02:40:20",163246
"2020-07-13 03:40:21",163246
"2020-07-13 04:40:19",163246
"2020-07-13 05:40:18",163246
"2020-07-13 06:40:19",163246
"2020-07-13 07:40:19",163246
"2020-07-13 08:40:18",163246
"2020-07-13 11:53:48",163246
"2020-07-13 11:53:51",163246
"2020-07-13 11:54:03",163246
"2020-07-13 12:40:23",163246
"2020-07-13 13:40:20",163242
"2020-07-13 14:40:20",163757
"2020-07-13 15:40:25",163757
"2020-07-13 16:40:20",163748
"2020-07-13 17:40:21",163647
"2020-07-13 18:40:20",163568
"2020-07-13 19:40:22",163464
"2020-07-13 20:40:24",163059
"2020-07-13 21:40:22",163019
"2020-07-13 22:40:23",163021
"2020-07-13 23:40:21",163021
"2020-07-14 00:40:22",163021
"2020-07-14 01:40:19",163021
"2020-07-14 02:40:21",163021
"2020-07-14 03:40:19",163021
"2020-07-14 04:40:19",163021
"2020-07-14 05:40:19",163023
"2020-07-14 06:40:21",163023
"2020-07-14 07:40:19",163015
"2020-07-14 08:40:20",163015
"2020-07-14 12:03:27",163015
"2020-07-14 12:05:31",163015
"2020-07-14 12:13:00",163015
"2020-07-14 12:40:24",163015
"2020-07-14 13:40:25",163012
"2020-07-14 14:40:19",162246
"2020-07-14 15:40:20",161668
"2020-07-14 16:40:21",161509
"2020-07-14 17:40:22",161408
"2020-07-14 18:40:20",161345
"2020-07-14 19:40:21",161272
"2020-07-14 20:40:21",161210
"2020-07-14 21:40:21",161201
"2020-07-14 22:40:20",161188
"2020-07-14 23:40:22",161188
"2020-07-15 00:40:23",161188
"2020-07-15 01:40:20",161188
"2020-07-15 02:27:18",161188
"2020-07-15 02:35:08",161188
"2020-07-15 02:42:48",161188
"2020-07-15 02:50:27",161188
"2020-07-15 02:58:25",161188
"2020-07-15 03:12:05",161188
"2020-07-15 03:19:51",161188
"2020-07-15 03:27:43",161188
"2020-07-15 03:35:34",161188
"2020-07-15 03:43:17",161188
"2020-07-15 03:51:01",161188
"2020-07-15 03:58:45",161188
"2020-07-15 04:06:35",161179
"2020-07-15 04:14:21",161179
"2020-07-15 04:22:07",161179
"2020-07-15 04:29:53",161179
"2020-07-15 04:37:45",161179
"2020-07-15 04:45:27",161179
"2020-07-15 04:53:11",161179
"2020-07-15 05:01:20",161179
"2020-07-15 05:07:51",161179
"2020-07-15 12:15:24",161180
"2020-07-15 12:23:58",161180
"2020-07-15 12:31:51",161180
"2020-07-15 12:39:45",161180
"2020-07-15 12:47:38",161180
"2020-07-15 12:55:34",161180
"2020-07-15 13:03:29",161180
"2020-07-15 13:11:39",161161
"2020-07-15 13:19:48",161161
"2020-07-15 13:28:00",161161
"2020-07-15 13:36:00",161161
"2020-07-15 13:44:02",161161
"2020-07-15 13:52:00",161161
"2020-07-15 13:59:56",161161
"2020-07-15 14:08:04",161161
"2020-07-15 14:14:39",160965
"2020-07-15 14:24:08",160965
"2020-07-15 14:32:12",160965
"2020-07-15 14:42:05",160965
"2020-07-15 14:52:00",160965
"2020-07-15 15:01:54",160965
"2020-07-15 15:12:08",160723
"2020-07-15 15:22:02",160723
"2020-07-15 15:31:59",160723
"2020-07-15 15:41:56",160723
"2020-07-15 15:52:13",160723
"2020-07-15 16:02:13",160723
"2020-07-15 16:12:18",160541
"2020-07-15 16:22:19",160541
"2020-07-15 16:32:26",160541
"2020-07-15 16:42:40",160541
"2020-07-15 16:52:54",160541
"2020-07-15 17:02:53",160541
"2020-07-15 17:10:17",160541
"2020-07-15 17:18:15",160645
"2020-07-15 17:25:59",160645
"2020-07-15 17:33:46",160645
"2020-07-15 17:41:32",160645
"2020-07-15 17:49:19",160645
"2020-07-15 17:57:11",160645
"2020-07-15 18:05:12",160581
"2020-07-15 18:13:07",160581
"2020-07-15 18:21:03",160581
"2020-07-15 18:28:54",160581
"2020-07-15 18:36:51",160581
"2020-07-15 18:44:58",160581
"2020-07-15 18:53:01",160581
"2020-07-15 19:01:08",160581
"2020-07-15 19:07:49",160581
"2020-07-15 19:17:06",160484
"2020-07-15 19:25:00",160484
"2020-07-15 19:35:01",160484
"2020-07-15 19:44:58",160484
"2020-07-15 19:54:48",160484
"2020-07-15 20:04:44",160484
"2020-07-15 20:14:40",160431
"2020-07-15 20:24:48",160431
"2020-07-15 20:34:35",160431
"2020-07-15 20:44:23",160431
"2020-07-15 20:54:09",160431
"2020-07-15 21:03:57",160431
"2020-07-15 21:13:46",160426
"2020-07-15 21:23:33",160426
"2020-07-15 21:33:50",160426
"2020-07-15 21:43:56",160426
"2020-07-15 21:54:02",160426
"2020-07-15 22:04:07",160426
"2020-07-15 22:14:00",160448
"2020-07-15 22:23:56",160448
"2020-07-15 22:33:42",160448
"2020-07-15 22:43:24",160448
"2020-07-15 22:53:08",160448
"2020-07-15 22:56:54",160448
"2020-07-15 23:01:02",160448
"2020-07-15 23:22:50",160448
"2020-07-15 23:32:36",160448
"2020-07-15 23:42:27",160448
"2020-07-15 23:52:10",160448
"2020-07-16 00:02:15",160448
"2020-07-16 00:12:52",160448
"2020-07-16 00:23:20",160448
"2020-07-16 00:33:45",160448
"2020-07-16 00:43:49",160448
"2020-07-16 00:53:37",160448
"2020-07-16 01:03:30",160448
"2020-07-16 01:13:20",160448
"2020-07-16 01:23:19",160448
"2020-07-16 01:33:05",160448
"2020-07-16 01:42:50",160448
"2020-07-16 01:52:38",160448
"2020-07-16 02:02:31",160448
"2020-07-16 02:12:28",160448
"2020-07-16 02:22:47",160448
"2020-07-16 02:32:57",160448
"2020-07-16 02:42:57",160448
"2020-07-16 02:53:18",160448
"2020-07-16 02:54:27",160448
"2020-07-16 03:13:25",160448
"2020-07-16 03:23:55",160448
"2020-07-16 03:33:57",160448
"2020-07-16 03:43:57",160448
"2020-07-16 03:53:59",160448
"2020-07-16 04:04:31",160448
"2020-07-16 04:14:33",160448
"2020-07-16 04:24:30",160438
"2020-07-16 04:34:27",160438
"2020-07-16 04:44:21",160438
"2020-07-16 04:54:14",160438
"2020-07-16 05:04:13",160438
"2020-07-16 05:14:06",160438
"2020-07-16 05:23:59",160437
"2020-07-16 05:33:50",160437
"2020-07-16 05:46:20",160437
"2020-07-16 05:57:43",160437
"2020-07-16 06:07:42",160437
"2020-07-16 06:15:34",160437
"2020-07-16 06:23:52",160437
"2020-07-16 06:33:13",160437
"2020-07-16 06:42:31",160437
"2020-07-16 06:51:59",160437
"2020-07-16 06:52:03",160437
"2020-07-16 06:52:17",160437
"2020-07-16 07:23:50",160437
"2020-07-16 07:35:00",160437
"2020-07-16 07:39:29",160437
"2020-07-16 07:49:02",160437
"2020-07-16 07:55:44",160437
"2020-07-16 08:06:21",160437
"2020-07-16 08:16:36",160437
"2020-07-16 08:25:58",160437
"2020-07-16 08:35:23",160437
"2020-07-16 08:44:46",160437
"2020-07-16 08:53:51",160437
"2020-07-16 09:03:17",160437
"2020-07-16 09:13:13",160437
"2020-07-16 09:23:17",160437
"2020-07-16 09:33:08",160437
"2020-07-16 09:42:19",160437
"2020-07-16 09:51:06",160437
"2020-07-16 09:59:49",160437
"2020-07-16 10:09:04",160437
"2020-07-16 10:16:16",160437
"2020-07-16 10:26:05",160437
"2020-07-16 10:34:35",160437
"2020-07-16 10:44:55",160437
"2020-07-16 10:55:27",160437
"2020-07-16 11:06:25",160437
"2020-07-16 11:17:26",160437
"2020-07-16 11:27:58",160437
"2020-07-16 11:38:23",160437
"2020-07-16 11:49:07",160437
"2020-07-16 12:00:14",160437
"2020-07-16 12:12:07",160437
"2020-07-16 12:23:13",160437
"2020-07-16 12:34:25",160437
"2020-07-16 12:45:32",160437
"2020-07-16 12:56:36",160437
"2020-07-16 13:08:05",160437
"2020-07-16 13:19:54",160443
"2020-07-16 13:31:24",160443
"2020-07-16 13:43:19",160443
"2020-07-16 13:54:17",160443
"2020-07-16 14:05:25",160443
"2020-07-16 14:16:32",160871
"2020-07-16 14:27:44",160871
"2020-07-16 14:32:06",160871
"2020-07-16 14:36:35",160871
"2020-07-16 14:59:54",160871
"2020-07-16 15:11:09",160871
"2020-07-16 16:55:01",160978
"2020-07-16 17:03:18",160978
"2020-07-16 17:11:34",160978
"2020-07-16 17:19:45",160995
"2020-07-16 17:27:50",160995
"2020-07-16 17:36:04",160995
"2020-07-16 17:44:14",160995
"2020-07-16 17:52:19",160995
"2020-07-16 18:00:24",160995
"2020-07-16 18:08:47",160995
"2020-07-16 18:16:57",160995
"2020-07-16 18:25:09",160995
"2020-07-16 18:33:15",160855
"2020-07-16 18:41:22",160855
"2020-07-16 18:49:39",160855
"2020-07-16 18:56:23",160855
"2020-07-16 19:05:58",160855
"2020-07-16 19:14:08",160812
"2020-07-16 19:24:14",160812
"2020-07-16 19:34:23",160812
"2020-07-16 19:44:27",160812
"2020-07-16 19:54:31",160812
"2020-07-16 20:04:38",160949
"2020-07-16 20:14:40",160949
"2020-07-16 20:24:41",160949
"2020-07-16 20:34:41",160949
"2020-07-16 20:44:45",160949
"2020-07-16 20:54:48",160949
"2020-07-16 21:04:55",160968
"2020-07-16 21:14:59",160968
"2020-07-16 21:25:04",160968
"2020-07-16 21:35:28",160968
"2020-07-16 21:45:36",160968
"2020-07-16 21:55:37",160968
"2020-07-16 22:05:47",160968
"2020-07-16 22:15:49",160968
"2020-07-16 22:25:49",160988
"2020-07-16 22:35:53",160988
"2020-07-16 22:45:52",160988
"2020-07-16 22:49:45",160988
"2020-07-16 22:53:53",160988
"2020-07-16 23:15:59",160988
"2020-07-16 23:25:59",160988
"2020-07-16 23:35:58",160988
"2020-07-16 23:45:57",160988
"2020-07-16 23:55:57",160988
"2020-07-17 00:06:41",160988
"2020-07-17 00:17:19",160988
"2020-07-17 00:27:49",160988
"2020-07-17 00:38:25",160988
"2020-07-17 00:48:40",160988
"2020-07-17 00:58:53",160988
"2020-07-17 01:09:08",160988
"2020-07-17 01:19:14",160988
"2020-07-17 01:29:14",160988
"2020-07-17 01:39:17",160988
"2020-07-17 01:49:19",160988
"2020-07-17 01:59:23",160988
"2020-07-17 02:09:28",160988
"2020-07-17 02:19:34",160988
"2020-07-17 02:29:35",160988
"2020-07-17 02:39:31",160988
"2020-07-17 02:49:29",160988
"2020-07-17 02:50:40",160988
"2020-07-17 03:09:36",160988
"2020-07-17 03:19:38",160988
"2020-07-17 03:29:42",160988
"2020-07-17 03:39:49",160988
"2020-07-17 03:49:54",160988
"2020-07-17 04:00:01",160988
"2020-07-17 04:10:18",160988
"2020-07-17 04:20:22",160979
"2020-07-17 04:30:27",160979
"2020-07-17 04:40:32",160979
"2020-07-17 04:50:34",160979
"2020-07-17 05:00:38",160979
"2020-07-17 05:10:47",160979
"2020-07-17 05:20:54",160979
"2020-07-17 05:30:52",160979
"2020-07-17 05:40:54",160979
"2020-07-17 05:50:54",160979
"2020-07-17 06:00:54",160979
"2020-07-17 06:09:10",160979
"2020-07-17 06:17:19",160979
"2020-07-17 06:25:31",160979
"2020-07-17 06:33:45",160979
"2020-07-17 06:42:00",160979
"2020-07-17 06:42:04",160979
"2020-07-17 06:42:16",160979
"2020-07-17 07:06:58",160979
"2020-07-17 07:15:09",160979
"2020-07-17 07:23:18",160979
"2020-07-17 07:31:28",160979
"2020-07-17 07:39:33",160979
"2020-07-17 07:47:39",160979
"2020-07-17 07:55:44",160979
"2020-07-17 08:04:00",160979
"2020-07-17 08:12:27",160979
"2020-07-17 08:20:59",160979
"2020-07-17 08:29:29",160979
"2020-07-17 08:38:04",160979
"2020-07-17 08:46:24",160979
"2020-07-17 08:54:36",160979
"2020-07-17 09:02:50",160979
"2020-07-17 09:10:59",160979
"2020-07-17 09:19:09",160979
"2020-07-17 09:27:16",160979
"2020-07-17 09:35:21",160979
"2020-07-17 09:43:21",160979
"2020-07-17 09:51:23",160979
"2020-07-17 09:59:45",160979
"2020-07-17 10:01:51",160979
"2020-07-17 10:09:35",160979
"2020-07-17 10:23:57",160979
"2020-07-17 10:33:59",160979
"2020-07-17 10:44:01",160979
"2020-07-17 10:54:05",160979
"2020-07-17 11:04:34",160979
"2020-07-17 11:14:42",160979
"2020-07-17 11:24:48",160979
"2020-07-17 11:34:56",160979
"2020-07-17 11:45:00",160979
"2020-07-17 11:55:06",160979
"2020-07-17 12:05:25",160979
"2020-07-17 12:15:48",160979
"2020-07-17 12:26:03",160979
"2020-07-17 12:36:09",160979
"2020-07-17 12:46:14",160979
"2020-07-17 12:56:19",160979
"2020-07-17 13:07:00",160979
"2020-07-17 13:17:33",160985
"2020-07-17 13:25:56",160985
"2020-07-17 13:34:31",160985
"2020-07-17 13:42:55",160985
"2020-07-17 13:50:59",160985
"2020-07-17 13:59:35",160985
"2020-07-17 14:08:21",160985
"2020-07-17 14:16:46",160985
"2020-07-17 14:25:08",160985
"2020-07-17 14:33:27",160985
"2020-07-17 14:41:33",160985
"2020-07-17 14:49:35",160985
"2020-07-17 14:58:03",160985
"2020-07-17 15:06:59",160985
"2020-07-17 15:15:53",161087
"2020-07-17 15:24:28",161087
"2020-07-17 15:33:00",161087
"2020-07-17 15:41:27",161087
"2020-07-17 15:49:48",161087
"2020-07-17 15:55:52",161087
"2020-07-17 16:05:02",161242
"2020-07-17 16:12:24",161242
"2020-07-17 16:21:18",161242
"2020-07-17 16:29:57",161242
"2020-07-17 16:38:37",161242
"2020-07-17 16:47:08",161242
"2020-07-17 16:55:35",161242
"2020-07-17 17:00:06",161242
"2020-07-17 17:08:30",161219
"2020-07-17 17:16:42",161219
"2020-07-17 17:25:18",161219
"2020-07-17 17:33:41",161219
"2020-07-17 17:42:10",161219
"2020-07-17 17:50:36",161219
"2020-07-17 17:59:06",161219
"2020-07-17 18:07:56",161287
"2020-07-17 18:16:33",161287
"2020-07-17 18:25:00",161287
"2020-07-17 18:33:33",161287
"2020-07-17 18:42:00",161287
"2020-07-17 18:50:27",161287
"2020-07-17 18:58:58",161287
"2020-07-17 19:01:57",161287
"2020-07-17 19:11:36",161287
"2020-07-17 19:20:02",161483
"2020-07-17 19:28:19",161483
"2020-07-17 19:36:28",161483
"2020-07-17 19:40:06",161483
"2020-07-17 19:48:10",161483
"2020-07-17 19:56:15",161483
"2020-07-17 20:04:27",161713
"2020-07-17 20:12:32",161713
"2020-07-17 20:20:32",161713
"2020-07-17 20:28:30",161713
"2020-07-17 20:36:37",161713
"2020-07-17 20:44:35",161713
"2020-07-17 20:52:36",161713
"2020-07-17 21:00:46",161713
"2020-07-17 21:09:00",164696
"2020-07-17 21:17:00",164696
"2020-07-17 21:24:57",164696
"2020-07-17 21:33:00",164696
"2020-07-17 21:39:35",164696
"2020-07-17 21:49:05",164696
"2020-07-17 21:57:14",164696
"2020-07-17 22:07:34",164696
"2020-07-17 22:17:49",166559
"2020-07-17 22:27:54",166559
"2020-07-17 22:38:07",166559
"2020-07-17 22:48:33",166559
"2020-07-17 22:59:06",166559
"2020-07-17 23:09:53",166559
"2020-07-17 23:20:06",166559
"2020-07-17 23:30:10",166559
"2020-07-17 23:40:15",166559
"2020-07-17 23:50:17",166559
"2020-07-18 00:00:44",166559
"2020-07-18 00:13:05",166559
"2020-07-18 00:23:52",166559
"2020-07-18 00:34:22",166559
"2020-07-18 00:45:01",166559
"2020-07-18 00:55:24",166559
"2020-07-18 01:05:37",166559
"2020-07-18 01:15:44",166559
"2020-07-18 01:25:54",166559
"2020-07-18 01:36:00",166559
"2020-07-18 01:39:56",166559
"2020-07-18 01:44:04",166559
"2020-07-18 02:06:11",166559
"2020-07-18 02:16:17",166559
"2020-07-18 02:26:17",166559
"2020-07-18 02:36:16",166559
"2020-07-18 02:46:14",166559
"2020-07-18 02:56:14",166559
"2020-07-18 03:06:28",166559
"2020-07-18 03:16:39",166559
"2020-07-18 03:26:46",166559
"2020-07-18 03:36:52",166559
"2020-07-18 03:47:01",166559
"2020-07-18 03:57:15",166559
"2020-07-18 04:07:45",166559
"2020-07-18 04:18:23",166559
"2020-07-18 04:28:42",166559
"2020-07-18 04:38:49",166559
"2020-07-18 04:48:52",166559
"2020-07-18 04:58:56",166559
"2020-07-18 05:09:41",166559
"2020-07-18 05:20:05",166559
"2020-07-18 05:30:19",166559
"2020-07-18 05:40:18",166559
"2020-07-18 05:41:28",166559
"2020-07-18 06:00:25",166559
"2020-07-18 06:10:45",166559
"2020-07-18 08:32:55",166800
"2020-07-18 08:42:57",166800
"2020-07-18 08:51:03",166800
"2020-07-18 08:59:06",166800
"2020-07-18 09:07:13",166800
"2020-07-18 09:15:11",166800
"2020-07-18 09:23:10",166800
"2020-07-18 09:31:13",166800
"2020-07-18 09:39:14",166800
"2020-07-18 09:47:15",166800
"2020-07-18 09:55:16",166800
"2020-07-18 10:03:20",166800
"2020-07-18 10:11:24",166800
"2020-07-18 10:19:24",166800
"2020-07-18 10:27:30",166800
"2020-07-18 10:34:05",166800
"2020-07-18 10:43:26",166800
"2020-07-18 10:51:23",166800
"2020-07-18 11:01:23",166800
"2020-07-18 11:11:25",166792
"2020-07-18 11:21:23",166792
"2020-07-18 11:31:22",166792
"2020-07-18 11:41:21",166792
"2020-07-18 11:51:18",166792
"2020-07-18 12:01:18",166792
"2020-07-18 12:11:32",166792
"2020-07-18 12:21:39",166792
"2020-07-18 12:31:38",166792
"2020-07-18 12:41:42",166792
"2020-07-18 12:51:42",166792
"2020-07-18 13:01:55",166792
"2020-07-18 13:12:10",166792
"2020-07-18 13:22:18",166792
"2020-07-18 13:32:21",166792
"2020-07-18 13:42:16",166792
"2020-07-18 13:52:12",166792
"2020-07-18 14:02:09",166792
"2020-07-18 14:12:07",166792
"2020-07-18 14:22:04",166792
"2020-07-18 14:25:57",166792
"2020-07-18 14:30:03",166792
"2020-07-18 14:52:04",166792
"2020-07-18 15:02:07",166792
"2020-07-18 15:12:14",166792
"2020-07-18 15:22:17",166792
"2020-07-18 15:32:16",166792
"2020-07-18 15:42:14",166792
"2020-07-18 15:52:14",166792
"2020-07-18 16:02:13",166792
"2020-07-18 16:12:15",166792
"2020-07-18 16:22:15",166792
"2020-07-18 16:32:17",166792
"2020-07-18 16:42:17",166792
"2020-07-18 16:52:14",166792
"2020-07-18 17:02:15",166792
"2020-07-18 17:12:22",166792
"2020-07-18 17:22:23",166792
"2020-07-18 17:32:21",166792
"2020-07-18 17:42:20",166792
"2020-07-18 17:52:17",166792
"2020-07-18 18:02:14",166792
"2020-07-18 18:12:18",166792
"2020-07-18 18:22:16",166792
"2020-07-18 18:23:26",166792
"2020-07-18 18:42:10",166792
"2020-07-18 18:52:07",166792
"2020-07-18 19:02:09",166792
"2020-07-18 19:12:36",166792
"2020-07-18 19:22:34",166792
"2020-07-18 19:32:51",166792
"2020-07-18 19:42:51",166792
"2020-07-18 22:07:19",166792
"2020-07-18 22:14:51",166792
"2020-07-18 22:22:24",166792
"2020-07-18 22:29:56",166792
"2020-07-18 22:37:29",166792
"2020-07-18 22:45:02",166792
"2020-07-18 22:52:35",166792
"2020-07-18 23:00:08",166792
"2020-07-18 23:07:43",166792
"2020-07-18 23:15:16",166792
"2020-07-18 23:22:49",166792
"2020-07-18 23:30:22",166792
"2020-07-18 23:37:58",166792
"2020-07-18 23:45:39",166792
"2020-07-18 23:53:27",166792
"2020-07-18 23:59:48",166792
"2020-07-19 00:08:43",166792
"2020-07-19 00:16:18",166792
"2020-07-19 00:25:53",166792
"2020-07-19 00:35:28",166792
"2020-07-19 00:45:03",166792
"2020-07-19 00:54:38",166792
"2020-07-19 01:04:14",166792
"2020-07-19 01:13:49",166792
"2020-07-19 01:23:24",166792
"2020-07-19 01:33:00",166792
"2020-07-19 01:42:36",166792
"2020-07-19 01:52:11",166792
"2020-07-19 02:01:46",166792
"2020-07-19 02:11:21",166792
"2020-07-19 02:20:55",166792
"2020-07-19 02:30:28",166792
"2020-07-19 02:40:02",166792
"2020-07-19 02:49:35",166792
"2020-07-19 02:59:09",166792
"2020-07-19 03:08:44",166792
"2020-07-19 03:18:18",166792
"2020-07-19 03:27:53",166792
"2020-07-19 03:37:27",166792
"2020-07-19 03:41:07",166792
"2020-07-19 03:45:00",166792
"2020-07-19 04:06:11",166792
"2020-07-19 04:15:44",166792
"2020-07-19 04:25:17",166792
"2020-07-19 04:34:51",166792
"2020-07-19 04:44:24",166792
"2020-07-19 04:53:58",166792
"2020-07-19 05:03:31",166792
"2020-07-19 05:13:03",166792
"2020-07-19 05:22:37",166792
"2020-07-19 05:32:09",166792
"2020-07-19 05:41:42",166792
"2020-07-19 05:51:14",166792
"2020-07-19 06:00:45",166792
"2020-07-19 06:10:19",166792
"2020-07-19 06:19:56",166792
"2020-07-19 06:29:31",166792
"2020-07-19 06:40:39",166792
"2020-07-19 06:48:17",166792
"2020-07-19 06:55:52",166792
"2020-07-19 07:03:27",166792
"2020-07-19 07:11:04",166792
"2020-07-19 07:18:40",166792
"2020-07-19 07:26:14",166792
"2020-07-19 07:33:47",166792
"2020-07-19 07:41:22",166792
"2020-07-19 07:48:57",166792
"2020-07-19 07:56:31",166792
"2020-07-19 08:04:05",166792
"2020-07-19 08:11:39",166792
"2020-07-19 08:19:12",166792
"2020-07-19 08:26:51",166792
"2020-07-19 08:33:05",166792
"2020-07-19 08:41:53",166792
"2020-07-19 08:49:26",166792
"2020-07-19 08:59:01",166792
"2020-07-19 09:08:37",166792
"2020-07-19 09:18:12",166792
"2020-07-19 09:27:47",166792
"2020-07-19 09:37:25",166792
"2020-07-19 09:47:08",166792
"2020-07-19 09:56:50",166792
"2020-07-19 10:06:34",166792
"2020-07-19 10:16:09",166792
"2020-07-19 10:25:43",166792
"2020-07-19 10:35:20",166792
"2020-07-19 10:44:57",166792
"2020-07-19 10:54:34",166792
"2020-07-19 11:04:10",166792
"2020-07-19 11:13:44",166792
"2020-07-19 11:23:19",166792
"2020-07-19 11:32:54",166792
"2020-07-19 11:42:31",166792
"2020-07-19 11:52:07",166792
"2020-07-19 12:01:41",166792
"2020-07-19 12:11:18",166792
"2020-07-19 12:14:59",166792
"2020-07-19 12:18:53",166792
"2020-07-19 12:40:05",166792
"2020-07-19 12:49:46",166792
"2020-07-19 12:59:20",166792
"2020-07-19 13:08:56",166792
"2020-07-19 13:18:32",166792
"2020-07-19 13:28:10",166792
"2020-07-19 13:37:46",166792
"2020-07-19 13:47:20",166792
"2020-07-19 13:56:55",166792
"2020-07-19 14:06:30",166792
"2020-07-19 14:16:04",166792
"2020-07-19 14:25:38",166792
"2020-07-19 14:35:14",166792
"2020-07-19 14:44:48",166792
"2020-07-19 14:54:24",166792
"2020-07-19 15:03:59",166792
"2020-07-19 15:13:36",166792
"2020-07-19 15:23:12",166792
"2020-07-19 15:32:48",166792
"2020-07-19 15:42:22",166792
"2020-07-19 15:51:57",166792
"2020-07-19 16:01:33",166792
"2020-07-19 16:02:39",166792
"2020-07-19 16:20:48",166792
"2020-07-19 16:30:23",166792
"2020-07-19 16:39:58",166792
"2020-07-19 16:49:38",166792
"2020-07-19 16:59:16",166792
"2020-07-19 17:08:53",166792
"2020-07-19 17:18:29",166792
"2020-07-19 17:28:04",166792
"2020-07-19 17:37:38",166792
"2020-07-19 17:47:12",166792
"2020-07-19 17:56:46",166792
"2020-07-19 18:06:21",166792
"2020-07-19 18:15:56",166792
"2020-07-19 18:25:31",166792
"2020-07-19 18:35:07",166792
"2020-07-19 18:44:42",166792
"2020-07-19 18:54:16",166792
"2020-07-19 19:03:52",166792
"2020-07-19 19:11:27",166792
"2020-07-19 19:19:02",166792
"2020-07-19 19:26:36",166792
"2020-07-19 19:34:12",166792
"2020-07-19 19:41:55",166792
"2020-07-19 19:41:58",166792
"2020-07-19 19:42:09",166792
"2020-07-19 20:04:36",166792
"2020-07-19 20:12:11",166792
"2020-07-19 20:19:47",166792
"2020-07-19 20:27:22",166792
"2020-07-19 20:34:57",166792
"2020-07-19 20:42:34",166792
"2020-07-19 20:50:09",166792
"2020-07-19 20:57:44",166792
"2020-07-19 21:05:20",166792
"2020-07-19 21:12:55",166792
"2020-07-19 21:20:29",166792
"2020-07-19 21:28:02",166792
"2020-07-19 21:35:37",166792
"2020-07-19 21:43:11",166792
"2020-07-19 21:50:46",166792
"2020-07-19 21:58:22",166792
"2020-07-19 22:05:58",166792
"2020-07-19 22:13:35",166792
"2020-07-19 22:21:09",166792
"2020-07-19 22:28:43",166792
"2020-07-19 22:36:18",166792
"2020-07-19 22:43:58",166792
"2020-07-19 22:45:55",166792
"2020-07-19 22:53:11",166792
"2020-07-19 23:06:38",166792
"2020-07-19 23:16:12",166792
"2020-07-19 23:25:46",166792
"2020-07-19 23:35:20",166792
"2020-07-19 23:44:53",166792
"2020-07-19 23:54:29",166792
"2020-07-20 00:04:03",166792
"2020-07-20 00:13:40",166792
"2020-07-20 00:23:16",166792
"2020-07-20 00:32:51",166792
"2020-07-20 00:42:26",166792
"2020-07-20 00:52:02",166792
"2020-07-20 01:01:35",166792
"2020-07-20 01:11:11",166792
"2020-07-20 01:20:46",166792
"2020-07-20 01:30:22",166792
"2020-07-20 01:39:57",166792
"2020-07-20 01:49:34",166792
"2020-07-20 01:57:11",166792
"2020-07-20 02:04:48",166792
"2020-07-20 02:12:25",166792
"2020-07-20 02:20:00",166792
"2020-07-20 02:27:36",166792
"2020-07-20 02:35:12",166792
"2020-07-20 02:42:48",166792
"2020-07-20 02:50:25",166792
"2020-07-20 02:58:00",166792
"2020-07-20 03:05:35",166792
"2020-07-20 03:13:12",166792
"2020-07-20 03:20:48",166792
"2020-07-20 03:28:24",166792
"2020-07-20 03:36:01",166792
"2020-07-20 03:43:36",166792
"2020-07-20 03:51:12",166792
"2020-07-20 03:58:47",166792
"2020-07-20 04:06:23",166792
"2020-07-20 04:11:49",166792
"2020-07-20 04:19:24",166792
"2020-07-20 04:25:48",166792
"2020-07-20 04:33:26",166792
"2020-07-20 04:41:02",166792
"2020-07-20 04:48:41",166792
"2020-07-20 04:56:21",166792
"2020-07-20 05:04:10",166792
"2020-07-20 05:11:55",166792
"2020-07-20 05:19:40",166792
"2020-07-20 05:27:24",166792
"2020-07-20 05:35:09",166792
"2020-07-20 05:42:55",166792
"2020-07-20 05:50:39",166792
"2020-07-20 05:58:24",166792
"2020-07-20 06:06:09",166792
"2020-07-20 06:13:53",166792
"2020-07-20 06:21:38",166792
"2020-07-20 06:29:23",166792
"2020-07-20 06:37:07",166792
"2020-07-20 06:44:51",166792
"2020-07-20 06:52:36",166792
"2020-07-20 07:00:19",166792
"2020-07-20 07:08:03",166792
"2020-07-20 07:15:45",166792
"2020-07-20 07:23:29",166792
"2020-07-20 07:31:12",166792
"2020-07-20 07:38:55",166792
"2020-07-20 07:46:39",166792
"2020-07-20 07:54:23",166792
"2020-07-20 08:02:08",166792
"2020-07-20 08:09:50",166792
"2020-07-20 08:17:34",166792
"2020-07-20 08:25:16",166792
"2020-07-20 08:32:57",166792
"2020-07-20 08:40:40",166792
"2020-07-20 08:48:23",166792
"2020-07-20 08:56:07",166792
"2020-07-20 09:03:53",166792
"2020-07-20 09:11:37",166792
"2020-07-20 09:19:20",166792
"2020-07-20 09:27:03",166792
"2020-07-20 09:34:47",166792
"2020-07-20 09:42:31",166792
"2020-07-20 09:50:14",166792
"2020-07-20 09:57:57",166792
"2020-07-20 10:05:43",166792
"2020-07-20 10:13:28",166792
"2020-07-20 10:21:11",166792
"2020-07-20 10:28:54",166792
"2020-07-20 10:36:40",166792
"2020-07-20 10:44:26",166792
"2020-07-20 10:52:11",166792
"2020-07-20 10:59:54",166792
"2020-07-20 11:07:41",166792
"2020-07-20 11:15:27",166792
"2020-07-20 11:23:10",166792
"2020-07-20 11:30:53",166792
"2020-07-20 11:38:36",166792
"2020-07-20 11:46:20",166792
"2020-07-20 11:54:03",166792
"2020-07-20 12:01:47",166792
"2020-07-20 12:09:32",166792
"2020-07-20 12:17:18",166792
"2020-07-20 12:25:02",166792
"2020-07-20 12:32:47",166792
"2020-07-20 12:40:32",166792
"2020-07-20 12:48:14",166792
"2020-07-20 12:55:58",166792
"2020-07-20 13:03:44",166792
"2020-07-20 13:11:30",166792
"2020-07-20 13:19:14",166792
"2020-07-20 13:27:02",166792
"2020-07-20 13:34:48",166792
"2020-07-20 13:42:36",166792
"2020-07-20 13:50:21",166792
"2020-07-20 13:58:06",166792
"2020-07-20 14:05:51",166792
"2020-07-20 14:13:35",166792
"2020-07-20 14:21:21",166792
"2020-07-20 14:40:17",166792
"2020-07-20 15:40:17",173788
"2020-07-20 16:40:18",174858
"2020-07-20 17:40:16",175907
"2020-07-20 18:40:19",176735
"2020-07-20 19:40:19",177356
"2020-07-20 20:40:18",178293
"2020-07-20 21:40:18",178540
"2020-07-20 22:40:19",178697
"2020-07-20 23:40:16",178697
"2020-07-21 00:40:16",178697
"2020-07-21 01:40:19",178697
"2020-07-21 02:40:19",178697
"2020-07-21 03:40:20",178697
"2020-07-21 04:40:20",178697
"2020-07-21 05:40:18",178691
"2020-07-21 06:40:20",178691
"2020-07-21 07:40:17",178691
"2020-07-21 08:40:18",178691
"2020-07-21 09:40:18",178691
"2020-07-21 10:40:16",178691
"2020-07-21 11:40:17",178691
"2020-07-21 12:40:18",178691
"2020-07-21 13:40:18",178729
"2020-07-21 14:40:17",180565
"2020-07-21 15:40:17",180565
"2020-07-21 16:40:21",181427
"2020-07-21 17:40:19",181847
"2020-07-21 18:40:18",182164
"2020-07-21 19:40:16",182441
"2020-07-21 20:40:19",182901
"2020-07-21 21:40:17",182956
"2020-07-21 22:40:16",183001
"2020-07-21 23:40:18",183001
"2020-07-22 00:40:18",183001
"2020-07-22 01:40:15",183001
"2020-07-22 02:40:16",183001
"2020-07-22 03:40:18",183001
"2020-07-22 04:40:16",183001
"2020-07-22 05:40:16",182989
"2020-07-22 06:40:17",182989
"2020-07-22 07:40:16",182989
"2020-07-22 08:40:15",182989
"2020-07-22 09:40:16",182989
"2020-07-22 10:40:16",182989
"2020-07-22 11:40:15",182989
"2020-07-22 12:40:16",182989
"2020-07-22 13:40:20",183005
"2020-07-22 14:40:16",183058
"2020-07-22 15:40:18",182455
"2020-07-22 16:40:19",182688
"2020-07-22 17:40:15",182961
"2020-07-22 18:40:16",183343
"2020-07-22 19:40:16",183587
"2020-07-22 20:40:18",183829
"2020-07-22 21:40:16",183936
"2020-07-22 22:40:18",184028
"2020-07-22 23:40:15",184028
"2020-07-23 00:40:16",184028
"2020-07-23 01:40:19",184028
"2020-07-23 02:40:17",184028
"2020-07-23 03:40:17",184028
"2020-07-23 04:40:16",184028
"2020-07-23 05:40:17",184017
"2020-07-23 06:40:15",184017
"2020-07-23 07:40:18",184017
"2020-07-23 08:40:16",184017
"2020-07-23 09:40:18",184017
"2020-07-23 10:40:17",184017
"2020-07-23 11:40:17",184017
"2020-07-23 13:06:20",184026
"2020-07-23 13:40:17",184026
"2020-07-23 14:40:16",183894
"2020-07-23 15:40:18",183407
"2020-07-23 16:40:18",184379
"2020-07-23 17:40:17",184540
"2020-07-23 18:40:18",184502
"2020-07-23 19:40:16",184237
"2020-07-23 20:40:16",184513
"2020-07-23 21:40:18",184597
"2020-07-23 22:40:17",184693
"2020-07-23 23:40:16",184693
"2020-07-24 00:40:19",184693
"2020-07-24 01:40:18",184693
"2020-07-24 02:40:17",184693
"2020-07-24 03:40:19",184693
"2020-07-24 04:40:16",184693
"2020-07-24 05:40:18",184693
"2020-07-24 06:40:16",184693
"2020-07-24 07:40:18",184693
"2020-07-24 08:40:17",184693
"2020-07-24 09:40:19",184693
"2020-07-24 10:40:18",184693
"2020-07-24 11:40:17",184693
"2020-07-24 12:40:17",184693
"2020-07-24 13:40:19",184756
"2020-07-24 14:40:18",183440
"2020-07-24 15:40:19",184632
"2020-07-24 16:40:17",185010
"2020-07-24 17:40:17",185289
"2020-07-24 18:40:18",186028
"2020-07-24 19:40:16",186538
"2020-07-24 20:40:20",187245
"2020-07-24 21:40:17",187343
"2020-07-24 22:40:17",187455
"2020-07-24 23:40:19",187455
"2020-07-25 00:40:20",187455
"2020-07-25 01:40:19",187455
"2020-07-25 02:40:17",187455
"2020-07-25 03:40:21",187455
"2020-07-25 04:40:18",187455
"2020-07-25 05:40:19",187651
"2020-07-25 06:40:16",187637
"2020-07-25 07:40:20",187637
"2020-07-25 08:40:19",187637
"2020-07-25 09:40:17",187637
"2020-07-25 10:40:17",187637
"2020-07-25 11:40:18",187637
"2020-07-25 12:40:19",187637
"2020-07-25 13:40:18",187637
"2020-07-25 14:40:17",187637
"2020-07-25 15:40:19",187637
"2020-07-25 16:40:18",187637
"2020-07-25 17:40:18",187637
"2020-07-25 18:40:18",187637
"2020-07-25 19:40:19",187637
"2020-07-25 20:40:18",187637
"2020-07-25 21:40:17",187637
"2020-07-25 22:40:17",187637
"2020-07-25 23:40:18",187637
"2020-07-26 00:40:17",187637
"2020-07-26 01:40:17",187637
"2020-07-26 02:40:18",187637
"2020-07-26 03:40:18",187637
"2020-07-26 04:40:18",187637
"2020-07-26 05:40:19",187637
"2020-07-26 06:40:18",187637
"2020-07-26 07:40:18",187637
"2020-07-26 08:40:17",187637
"2020-07-26 09:40:18",187637
"2020-07-26 10:40:19",187637
"2020-07-26 11:40:19",187637
"2020-07-26 12:40:19",187637
"2020-07-26 13:40:19",187637
"2020-07-26 14:40:18",187637
"2020-07-26 15:40:18",187637
"2020-07-26 16:40:18",187637
"2020-07-26 17:40:18",187637
"2020-07-26 18:40:18",187637
"2020-07-26 19:40:18",187637
"2020-07-26 20:40:18",187637
"2020-07-26 21:40:18",187637
"2020-07-26 22:40:18",187637
"2020-07-26 23:40:17",187637
"2020-07-27 00:40:18",187637
"2020-07-27 01:40:17",187637
"2020-07-27 02:40:20",187637
"2020-07-27 03:40:19",187637
"2020-07-27 04:40:19",187637
"2020-07-27 05:40:20",187637
"2020-07-27 06:40:19",187637
"2020-07-27 07:40:21",187637
"2020-07-27 08:40:19",187637
"2020-07-27 09:40:18",187637
"2020-07-27 10:40:17",187637
"2020-07-27 11:40:18",187637
"2020-07-27 12:40:19",187637
"2020-07-27 13:40:19",187641
"2020-07-27 14:40:21",190652
"2020-07-27 15:40:22",192697
"2020-07-27 16:40:23",192855
"2020-07-27 17:40:20",193124
"2020-07-27 18:40:20",193289
"2020-07-27 19:40:18",193674
"2020-07-27 20:40:23",193804
"2020-07-27 21:40:19",193863
"2020-07-27 22:40:19",193917
"2020-07-27 23:40:20",193917
"2020-07-28 00:40:23",193917
"2020-07-28 01:40:20",193917
"2020-07-28 02:40:23",193917
"2020-07-28 03:40:24",193917
"2020-07-28 04:40:23",193903
"2020-07-28 07:02:38",193903
"2020-07-28 07:03:58",193903
"2020-07-28 07:40:18",193903
"2020-07-28 08:40:18",193903
"2020-07-28 09:40:20",193903
"2020-07-28 10:40:18",193903
"2020-07-28 11:40:18",193903
"2020-07-28 13:09:52",193976
"2020-07-28 13:40:19",193976
"2020-07-28 14:40:18",194434
"2020-07-28 15:40:19",194297
"2020-07-28 16:40:20",194328
"2020-07-28 17:40:17",194328
"2020-07-28 18:40:18",194415
"2020-07-28 19:40:19",194410
"2020-07-28 20:40:19",194386
"2020-07-28 21:40:18",194409
"2020-07-28 22:40:21",194404
"2020-07-28 23:40:19",194404
"2020-07-29 00:40:18",194404
"2020-07-29 01:40:21",194404
"2020-07-29 02:40:18",194404
"2020-07-29 03:40:18",194404
"2020-07-29 04:40:19",194404
"2020-07-29 05:40:21",194403
"2020-07-29 06:40:18",194389
"2020-07-29 07:40:20",194389
"2020-07-29 08:40:19",194389
"2020-07-29 09:40:19",194389
"2020-07-29 10:40:23",194389
"2020-07-29 11:40:19",194389
"2020-07-29 13:12:23",194364
"2020-07-29 13:40:20",194364
"2020-07-29 14:40:19",193828
"2020-07-29 15:40:18",193373
"2020-07-29 16:40:32",193333
"2020-07-29 17:40:19",193308
"2020-07-29 18:40:20",193225
"2020-07-29 19:40:19",193301
"2020-07-29 20:40:20",193347
"2020-07-29 21:40:19",193344
"2020-07-29 22:40:21",193343
"2020-07-29 23:40:19",193343
"2020-07-30 00:40:34",193343
"2020-07-30 01:40:20",193343
"2020-07-30 02:40:20",193343
"2020-07-30 03:40:21",193343
"2020-07-30 04:40:19",193326
"2020-07-30 05:40:19",193331
"2020-07-30 06:40:18",193331
"2020-07-30 07:40:21",193330
"2020-07-30 08:40:22",193330
"2020-07-30 09:40:18",193330
"2020-07-30 10:40:18",193330
"2020-07-30 11:40:19",193330
"2020-07-30 13:04:53",193355
"2020-07-30 13:40:22",193355
"2020-07-30 14:40:22",193062
"2020-07-30 15:40:21",192628
"2020-07-30 16:40:21",192608
"2020-07-30 17:40:22",192712
"2020-07-30 18:40:21",192762
"2020-07-30 19:40:20",192826
"2020-07-30 20:40:21",193007
"2020-07-30 21:40:22",193043
"2020-07-30 22:40:19",193074
"2020-07-30 23:40:19",193074
"2020-07-31 00:40:22",193074
"2020-07-31 01:40:19",193074
"2020-07-31 02:40:20",193074
"2020-07-31 03:40:20",193074
"2020-07-31 04:40:20",193074
"2020-07-31 05:40:20",193071
"2020-07-31 06:40:18",193062
"2020-07-31 07:40:23",193062
"2020-07-31 08:40:20",193062
"2020-07-31 09:40:19",193062
"2020-07-31 10:40:19",193062
"2020-07-31 11:40:18",193062
"2020-07-31 12:40:20",193062
"2020-07-31 13:40:22",193083
"2020-07-31 14:40:19",193760
"2020-07-31 15:40:17",193979
"2020-07-31 16:40:22",194099
"2020-07-31 17:40:19",194242
"2020-07-31 18:40:20",194456
"2020-07-31 19:40:21",194484
"2020-07-31 20:40:19",194485
"2020-07-31 21:40:21",194487
"2020-07-31 22:40:21",194493
"2020-07-31 23:40:19",194493
"2020-08-01 00:40:20",194493
"2020-08-01 01:40:18",194493
"2020-08-01 02:40:19",194493
"2020-08-01 03:40:20",194493
"2020-08-01 04:40:19",194493
"2020-08-01 05:40:20",194537
"2020-08-01 06:40:19",194537
"2020-08-01 07:40:20",194537
"2020-08-01 08:40:21",194537
"2020-08-01 09:40:19",194537
"2020-08-01 10:40:19",194537
"2020-08-01 11:40:18",194537
"2020-08-01 12:40:19",194537
"2020-08-01 13:40:20",194537
"2020-08-01 14:40:18",194537
"2020-08-01 15:40:19",194537
"2020-08-01 16:40:22",194537
"2020-08-01 17:40:19",194537
"2020-08-01 18:40:18",194537
"2020-08-01 19:40:19",194537
"2020-08-01 20:40:18",194537
"2020-08-01 21:40:19",194537
"2020-08-01 22:40:18",194537
"2020-08-01 23:40:20",194537
"2020-08-02 00:40:20",194537
"2020-08-02 01:40:19",194537
"2020-08-02 02:40:18",194537
"2020-08-02 03:40:21",194537
"2020-08-02 04:40:19",194537
"2020-08-02 05:40:21",194537
"2020-08-02 06:40:19",194537
"2020-08-02 07:40:19",194537
"2020-08-02 08:40:19",194537
"2020-08-02 09:40:20",194537
"2020-08-02 10:40:19",194537
"2020-08-02 11:40:18",194537
"2020-08-02 12:40:20",194537
"2020-08-02 13:40:19",194537
"2020-08-02 14:40:19",194537
"2020-08-02 15:40:20",194537
"2020-08-02 16:40:18",194537
"2020-08-02 17:40:21",194537
"2020-08-02 18:40:19",194537
"2020-08-02 19:40:20",194537
"2020-08-02 20:40:19",194537
"2020-08-02 21:40:19",194537
"2020-08-02 22:40:19",194537
"2020-08-02 23:40:21",194537
"2020-08-03 00:40:19",194537
"2020-08-03 01:40:21",194537
"2020-08-03 02:40:18",194537
"2020-08-03 03:40:21",194537
"2020-08-03 04:40:18",194537
"2020-08-03 05:40:21",194537
"2020-08-03 06:40:18",194537
"2020-08-03 07:40:20",194537
"2020-08-03 08:40:21",194537
"2020-08-03 09:40:21",194537
"2020-08-03 10:40:18",194537
"2020-08-03 11:40:19",194537
"2020-08-03 12:40:19",194537
"2020-08-03 13:40:22",194519
"2020-08-03 14:40:20",195665
"2020-08-03 15:40:21",196082
"2020-08-03 16:40:19",196324
"2020-08-03 17:40:20",196603
"2020-08-03 18:40:19",196779
"2020-08-03 19:40:20",197235
"2020-08-03 20:40:19",197900
"2020-08-03 21:40:20",197850
"2020-08-03 22:40:19",197934
"2020-08-03 23:40:23",197934
"2020-08-04 00:40:22",197934
"2020-08-04 01:40:22",197934
"2020-08-04 02:40:20",197934
"2020-08-04 03:40:20",197934
"2020-08-04 04:40:22",197915
"2020-08-04 05:40:19",197915
"2020-08-04 06:40:20",197915
"2020-08-04 07:40:18",197915
"2020-08-04 08:40:25",197915
"2020-08-04 09:40:18",197915
"2020-08-04 10:40:18",197915
"2020-08-04 11:40:19",197915
"2020-08-04 12:40:18",197915
"2020-08-04 13:40:22",197903
"2020-08-04 14:40:20",200492
"2020-08-04 15:40:21",202493
"2020-08-04 16:40:20",202505
"2020-08-04 17:40:21",203113
"2020-08-04 18:40:22",204011
"2020-08-04 19:40:19",204234
"2020-08-04 20:40:20",204747
"2020-08-04 21:40:21",203654
"2020-08-04 22:40:19",203822
"2020-08-04 23:40:23",203822
"2020-08-05 00:40:22",203822
"2020-08-05 01:40:21",203822
"2020-08-05 02:40:20",203822
"2020-08-05 03:40:22",203822
"2020-08-05 04:40:20",203822
"2020-08-05 05:40:22",203812
"2020-08-05 06:40:18",203812
"2020-08-05 07:40:19",203812
"2020-08-05 08:40:21",203812
"2020-08-05 09:40:23",203812
"2020-08-05 10:40:20",203812
"2020-08-05 11:40:21",203812
"2020-08-05 13:08:26",203767
"2020-08-05 13:40:26",203767
"2020-08-05 14:40:23",204020
"2020-08-05 15:40:22",204020
"2020-08-05 16:40:20",203531
"2020-08-05 17:40:20",203700
"2020-08-05 18:40:21",203792
"2020-08-05 19:40:22",203711
"2020-08-05 20:40:19",203649
"2020-08-05 21:40:23",203654
"2020-08-05 22:40:20",203658
"2020-08-05 23:40:21",203658
"2020-08-06 00:40:25",203658
"2020-08-06 01:40:20",203658
"2020-08-06 02:40:24",203658
"2020-08-06 03:40:24",203658
"2020-08-06 04:40:21",203658
"2020-08-06 05:40:24",203643
"2020-08-06 06:40:22",203643
"2020-08-06 07:40:22",203643
"2020-08-06 08:40:24",203643
"2020-08-06 09:40:21",203643
"2020-08-06 10:40:23",203643
"2020-08-06 11:40:20",203643
"2020-08-06 12:40:21",203643
"2020-08-06 13:40:20",203672
"2020-08-06 14:40:19",203166
"2020-08-06 15:40:21",202496
"2020-08-06 16:40:22",202188
"2020-08-06 17:40:21",201885
"2020-08-06 18:40:20",201703
"2020-08-06 19:40:22",201710
"2020-08-06 20:40:21",201679
"2020-08-06 21:40:21",201688
"2020-08-06 22:40:20",201696
"2020-08-06 23:40:22",201696
"2020-08-07 00:40:21",201696
"2020-08-07 01:40:20",201696
"2020-08-07 02:40:21",201696
"2020-08-07 03:40:19",201696
"2020-08-07 04:40:22",201696
"2020-08-07 05:40:21",201696
"2020-08-07 06:40:21",201696
"2020-08-07 07:40:21",201696
"2020-08-07 08:40:22",201695
"2020-08-07 09:40:20",201695
"2020-08-07 10:40:21",201695
"2020-08-07 11:40:19",201695
"2020-08-07 12:40:20",201695
"2020-08-07 13:40:21",201712
"2020-08-07 14:40:20",202158
"2020-08-07 15:40:21",202255
"2020-08-07 16:40:20",202145
"2020-08-07 17:40:20",202145
"2020-08-07 18:40:21",202057
"2020-08-07 19:40:20",202057
"2020-08-07 20:40:23",201930
"2020-08-07 21:40:21",201923
"2020-08-07 22:40:20",201919
"2020-08-07 23:40:21",201919
"2020-08-08 00:40:20",201919
"2020-08-08 01:40:21",201919
"2020-08-08 02:40:22",201919
"2020-08-08 03:40:19",201919
"2020-08-08 04:40:20",201904
"2020-08-08 05:40:20",201835
"2020-08-08 06:40:21",201835
"2020-08-08 07:40:20",201835
"2020-08-08 08:40:23",201835
"2020-08-08 09:40:19",201835
"2020-08-08 10:40:20",201835
"2020-08-08 11:40:21",201835
"2020-08-08 12:40:20",201835
"2020-08-08 13:40:20",201835
"2020-08-08 14:40:20",201835
"2020-08-08 15:40:20",201835
"2020-08-08 16:40:21",201835
"2020-08-08 17:40:21",201835
"2020-08-08 18:40:20",201835
"2020-08-08 19:40:20",201835
"2020-08-08 20:40:22",201835
"2020-08-08 21:40:21",201835
"2020-08-08 22:40:21",201835
"2020-08-08 23:40:24",201835
"2020-08-09 00:40:25",201835
"2020-08-09 01:40:20",201835
"2020-08-09 02:40:21",201835
"2020-08-09 03:40:24",201835
"2020-08-09 04:40:20",201835
"2020-08-09 05:40:24",201835
"2020-08-09 06:40:20",201835
"2020-08-09 07:40:23",201835
"2020-08-09 08:40:20",201835
"2020-08-09 09:40:21",201835
"2020-08-09 10:40:22",201835
"2020-08-09 11:40:18",201835
"2020-08-09 12:40:20",201835
"2020-08-09 13:40:23",201835
"2020-08-09 14:40:23",201835
"2020-08-09 15:40:20",201835
"2020-08-09 16:40:23",201835
"2020-08-09 17:40:20",201835
"2020-08-09 18:40:22",201835
"2020-08-09 19:40:21",201835
"2020-08-09 20:40:22",201835
"2020-08-09 21:40:22",201835
"2020-08-09 22:40:21",201835
"2020-08-09 23:40:21",201835
"2020-08-10 00:40:22",201835
"2020-08-10 01:40:22",201835
"2020-08-10 02:40:20",201835
"2020-08-10 03:40:20",201835
"2020-08-10 04:40:22",201835
"2020-08-10 05:40:19",201835
"2020-08-10 06:40:19",201835
"2020-08-10 07:40:20",201835
"2020-08-10 08:40:23",201835
"2020-08-10 09:40:20",201835
"2020-08-10 10:40:20",201835
"2020-08-10 11:40:20",201835
"2020-08-10 12:40:19",201835
"2020-08-10 13:40:21",201987
"2020-08-10 14:40:22",203721
"2020-08-10 15:40:23",203741
"2020-08-10 16:40:21",203741
"2020-08-10 17:40:21",205208
"2020-08-10 18:40:22",205663
"2020-08-10 19:40:22",206341
"2020-08-10 20:40:19",206430
"2020-08-10 21:40:21",206462
"2020-08-10 22:40:20",206656
"2020-08-10 23:40:22",206656
"2020-08-11 00:40:20",206656
"2020-08-11 01:40:21",206656
"2020-08-11 02:40:24",206656
"2020-08-11 03:40:21",206656
"2020-08-11 04:40:21",206649
"2020-08-11 05:40:22",206649
"2020-08-11 06:40:20",206649
"2020-08-11 07:40:22",206649
"2020-08-11 08:40:21",206649
"2020-08-11 09:40:21",206649
"2020-08-11 10:40:22",206649
"2020-08-11 11:40:20",206649
"2020-08-11 12:40:21",206649
"2020-08-11 13:40:24",206610
"2020-08-11 14:40:22",207517
"2020-08-11 15:40:22",206992
"2020-08-11 16:40:21",206992
"2020-08-11 17:40:23",207130
"2020-08-11 18:40:23",207134
"2020-08-11 19:40:20",207040
"2020-08-11 20:40:22",206668
"2020-08-11 21:40:22",206715
"2020-08-11 22:40:20",206737
"2020-08-11 23:40:20",206737
"2020-08-12 00:40:24",206737
"2020-08-12 01:40:21",206737
"2020-08-12 02:40:22",206737
"2020-08-12 03:40:21",206737
"2020-08-12 04:40:22",206737
"2020-08-12 05:40:21",206724
"2020-08-12 06:40:20",206724
"2020-08-12 07:40:22",206724
"2020-08-12 08:40:23",206724
"2020-08-12 09:40:22",206724
"2020-08-12 10:40:21",206724
"2020-08-12 11:40:21",206724
"2020-08-12 12:40:22",206724
"2020-08-12 13:40:21",206724
"2020-08-12 14:40:22",207173
"2020-08-12 15:40:21",207173
"2020-08-12 16:40:22",207066
"2020-08-12 22:40:20",207014
"2020-08-12 23:40:25",207014
"2020-08-13 00:40:22",207014
"2020-08-13 01:40:21",207014
"2020-08-13 02:40:20",207014
"2020-08-13 03:40:24",207014
"2020-08-13 04:40:21",207014
"2020-08-13 05:40:20",206996
"2020-08-13 06:41:21",206996
"2020-08-13 07:40:51",206996
"2020-08-13 08:40:24",206996
"2020-08-13 09:41:23",206996
"2020-08-13 10:40:20",206996
"2020-08-13 11:40:54",206996
"2020-08-13 12:40:22",206996
"2020-08-13 13:40:53",206989
"2020-08-13 14:41:20",207262
"2020-08-13 15:40:22",207343
"2020-08-13 16:42:20",207227
"2020-08-13 20:40:50",207002
"2020-08-13 21:40:19",207020
"2020-08-13 22:40:52",207033
